MSRDT,MSRSTE_NM,NO2,O3,CO,SO2,PM10,PM25
2025-03-06 23:00:00,동대문구,0.015,0.0462,0.5,0.0024,65.0,43.0
2025-03-06 23:00:00,은평구,0.0166,0.0368,0.72,0.0033,66.0,40.0
2025-03-06 23:00:00,금천구,0.0258,0.0398,0.49,0.0031,58.0,39.0
2025-03-06 23:00:00,성동구,0.0213,0.0423,0.5,0.0028,57.0,37.0
2025-03-06 23:00:00,강동구,0.0244,0.0428,0.71,0.0036,68.0,52.0
2025-03-06 23:00:00,도봉구,0.0148,0.0554,0.5,0.0043,61.0,38.0
2025-03-06 23:00:00,종로구,0.0161,0.0505,0.52,0.0028,67.0,49.0
2025-03-06 23:00:00,중랑구,0.0248,0.0357,0.53,0.0032,59.0,45.0
2025-03-06 23:00:00,영등포구,0.0157,0.0506,0.46,0.003,57.0,39.0
2025-03-06 23:00:00,동작구,0.0172,0.0521,0.46,0.0029,65.0,45.0
2025-03-06 23:00:00,광진구,0.0208,0.0491,0.57,0.0034,58.0,39.0
2025-03-06 23:00:00,양천구,0.0316,0.0346,0.55,0.0036,60.0,46.0
2025-03-06 23:00:00,마포구,0.0241,0.0407,0.5,0.003,59.0,41.0
2025-03-06 23:00:00,송파구,0.0248,0.0372,0.52,0.0031,59.0,39.0
2025-03-06 23:00:00,강서구,0.0322,0.0321,0.5,0.0041,63.0,40.0
2025-03-06 23:00:00,구로구,0.0147,0.0395,0.42,0.0032,66.0,44.0
2025-03-06 23:00:00,노원구,0.0114,0.0519,0.44,0.0028,72.0,51.0
2025-03-06 23:00:00,서대문구,0.0143,0.0492,0.65,0.0045,62.0,39.0
2025-03-06 23:00:00,관악구,0.0211,0.043,0.53,0.0029,61.0,45.0
2025-03-06 23:00:00,용산구,0.0247,0.0337,0.6,0.0031,60.0,41.0
2025-03-06 23:00:00,성북구,0.0259,0.036,0.73,0.0036,59.0,37.0
2025-03-06 23:00:00,강북구,0.0133,0.0527,0.45,0.003,68.0,48.0
2025-03-06 23:00:00,서초구,0.0094,0.0497,0.41,0.0028,69.0,42.0
2025-03-06 23:00:00,강남구,0.0207,0.0392,0.51,0.0027,56.0,40.0
2025-03-06 23:00:00,중구,0.0159,0.0422,0.49,0.0031,62.0,47.0
2025-03-06 22:00:00,강서구,0.0211,0.0431,0.46,0.0031,59.0,37.0
2025-03-06 22:00:00,동대문구,0.0148,0.0477,0.49,0.0027,64.0,40.0
2025-03-06 22:00:00,양천구,0.0324,0.0343,0.54,0.0032,57.0,43.0
2025-03-06 22:00:00,광진구,0.0171,0.0539,0.52,0.0035,58.0,40.0
2025-03-06 22:00:00,강남구,0.0194,0.0406,0.49,0.0029,57.0,36.0
2025-03-06 22:00:00,서대문구,0.0136,0.0526,0.56,0.004,61.0,37.0
2025-03-06 22:00:00,중구,0.0152,0.0453,0.51,0.0032,56.0,44.0
2025-03-06 22:00:00,노원구,0.0132,0.0503,0.45,0.0029,70.0,48.0
2025-03-06 22:00:00,중랑구,0.0191,0.0418,0.49,0.0038,60.0,45.0
2025-03-06 22:00:00,성동구,0.0189,0.0453,0.48,0.003,50.0,35.0
2025-03-06 22:00:00,강동구,0.0175,0.0506,0.66,0.0035,64.0,46.0
2025-03-06 22:00:00,종로구,0.0169,0.0507,0.53,0.0028,64.0,49.0
2025-03-06 22:00:00,서초구,0.008,0.0527,0.4,0.0028,70.0,33.0
2025-03-06 22:00:00,금천구,0.0246,0.0407,0.48,0.0034,55.0,38.0
2025-03-06 22:00:00,은평구,0.0164,0.0386,0.71,0.0033,61.0,37.0
2025-03-06 22:00:00,강북구,0.0097,0.0582,0.42,0.0032,66.0,46.0
2025-03-06 22:00:00,성북구,0.0253,0.0375,0.71,0.0035,57.0,37.0
2025-03-06 22:00:00,용산구,0.023,0.0358,0.55,0.0035,55.0,36.0
2025-03-06 22:00:00,마포구,0.0219,0.0436,0.48,0.0029,54.0,37.0
2025-03-06 22:00:00,구로구,0.014,0.0405,0.4,0.0031,73.0,42.0
2025-03-06 22:00:00,동작구,0.0168,0.053,0.45,0.0025,62.0,41.0
2025-03-06 22:00:00,영등포구,0.016,0.0509,0.46,0.0027,53.0,37.0
2025-03-06 22:00:00,관악구,0.018,0.0451,0.5,0.0028,59.0,43.0
2025-03-06 22:00:00,도봉구,0.0103,0.0606,0.49,0.004,61.0,37.0
2025-03-06 22:00:00,송파구,0.0222,0.0406,0.48,0.0027,56.0,39.0
2025-03-06 21:00:00,동대문구,0.0137,0.0506,0.45,0.0024,60.0,37.0
2025-03-06 21:00:00,성북구,0.0174,0.0463,0.66,0.0036,60.0,33.0
2025-03-06 21:00:00,도봉구,0.0098,0.0628,0.48,0.0041,61.0,41.0
2025-03-06 21:00:00,중랑구,0.0206,0.0412,0.52,0.0033,57.0,43.0
2025-03-06 21:00:00,광진구,0.0151,0.0562,0.5,0.0035,54.0,39.0
2025-03-06 21:00:00,마포구,0.0207,0.0444,0.42,0.0028,50.0,38.0
2025-03-06 21:00:00,서대문구,0.015,0.0518,0.53,0.0039,58.0,33.0
2025-03-06 21:00:00,관악구,0.0232,0.0397,0.53,0.0026,62.0,47.0
2025-03-06 21:00:00,용산구,0.0186,0.0402,0.5,0.0032,53.0,36.0
2025-03-06 21:00:00,동작구,0.0265,0.0423,0.48,0.0028,60.0,39.0
2025-03-06 21:00:00,종로구,0.0168,0.0517,0.46,0.0027,60.0,47.0
2025-03-06 21:00:00,강서구,0.0182,0.0456,0.43,0.003,57.0,31.0
2025-03-06 21:00:00,강남구,0.0158,0.0448,0.45,0.0027,55.0,37.0
2025-03-06 21:00:00,성동구,0.0172,0.0461,0.46,0.0034,53.0,33.0
2025-03-06 21:00:00,구로구,0.0143,0.0399,0.37,0.0031,57.0,36.0
2025-03-06 21:00:00,송파구,0.0188,0.0441,0.46,0.0032,56.0,37.0
2025-03-06 21:00:00,금천구,0.0384,0.026,0.57,0.0027,58.0,45.0
2025-03-06 21:00:00,서초구,0.0083,0.0526,0.36,0.0028,67.0,38.0
2025-03-06 21:00:00,강동구,0.0163,0.0526,0.64,0.0035,62.0,50.0
2025-03-06 21:00:00,강북구,0.0087,0.0602,0.41,0.0031,65.0,47.0
2025-03-06 21:00:00,노원구,0.0163,0.0467,0.48,0.0027,66.0,46.0
2025-03-06 21:00:00,영등포구,0.017,0.0507,0.44,0.0029,51.0,35.0
2025-03-06 21:00:00,은평구,0.0159,0.0401,0.68,0.0034,62.0,37.0
2025-03-06 21:00:00,중구,0.016,0.0464,0.47,0.0031,52.0,42.0
2025-03-06 21:00:00,양천구,0.0317,0.0351,0.52,0.0039,51.0,42.0
2025-03-06 20:00:00,용산구,0.0178,0.0407,0.51,0.0035,50.0,33.0
2025-03-06 20:00:00,송파구,0.022,0.0403,0.49,0.0028,50.0,36.0
2025-03-06 20:00:00,중구,0.0189,0.0438,0.48,0.003,49.0,35.0
2025-03-06 20:00:00,마포구,0.0258,0.0399,0.49,0.003,49.0,36.0
2025-03-06 20:00:00,금천구,0.0335,0.0345,0.54,0.0028,62.0,46.0
2025-03-06 20:00:00,성북구,0.0149,0.0472,0.64,0.0033,49.0,33.0
2025-03-06 20:00:00,서초구,0.0128,0.0447,0.4,0.0028,58.0,34.0
2025-03-06 20:00:00,강북구,0.0081,0.06,0.42,0.003,55.0,41.0
2025-03-06 20:00:00,은평구,0.0161,0.0401,0.72,0.0035,64.0,37.0
2025-03-06 20:00:00,관악구,0.0388,0.0282,0.61,0.0027,54.0,42.0
2025-03-06 20:00:00,서대문구,0.0166,0.0503,0.51,0.0038,54.0,33.0
2025-03-06 20:00:00,중랑구,0.0205,0.0391,0.51,0.0034,48.0,36.0
2025-03-06 20:00:00,동대문구,0.0144,0.0482,0.47,0.0027,50.0,33.0
2025-03-06 20:00:00,광진구,0.0184,0.0506,0.52,0.0034,46.0,33.0
2025-03-06 20:00:00,양천구,0.0258,0.0396,0.49,0.0028,47.0,38.0
2025-03-06 20:00:00,강서구,0.026,0.0381,0.43,0.0038,56.0,33.0
2025-03-06 20:00:00,종로구,0.0176,0.0501,0.48,0.0032,58.0,43.0
2025-03-06 20:00:00,도봉구,0.0091,0.0622,0.47,0.0042,52.0,36.0
2025-03-06 20:00:00,구로구,0.0165,0.0364,0.39,0.0028,56.0,33.0
2025-03-06 20:00:00,동작구,0.0278,0.0405,0.47,0.0025,59.0,41.0
2025-03-06 20:00:00,영등포구,0.0201,0.0438,0.46,0.0028,48.0,34.0
2025-03-06 20:00:00,노원구,0.0146,0.0469,0.47,0.0025,55.0,39.0
2025-03-06 20:00:00,성동구,0.0174,0.0456,0.45,0.0029,44.0,28.0
2025-03-06 20:00:00,강동구,0.0171,0.0501,0.64,0.0035,50.0,38.0
2025-03-06 20:00:00,강남구,0.0158,0.0442,0.46,0.0024,51.0,36.0
2025-03-06 19:00:00,구로구,0.0137,0.0412,0.39,0.0028,56.0,38.0
2025-03-06 19:00:00,동대문구,0.0126,0.0483,0.45,0.0029,48.0,33.0
2025-03-06 19:00:00,송파구,0.0178,0.0443,0.47,0.0034,49.0,31.0
2025-03-06 19:00:00,서초구,0.0106,0.0494,0.39,0.003,57.0,31.0
2025-03-06 19:00:00,강남구,0.0146,0.0451,0.47,0.0028,50.0,35.0
2025-03-06 19:00:00,은평구,0.013,0.0409,0.66,0.0036,48.0,28.0
2025-03-06 19:00:00,서대문구,0.0126,0.0525,0.46,0.0039,41.0,26.0
2025-03-06 19:00:00,마포구,0.0212,0.0451,0.46,0.0028,50.0,34.0
2025-03-06 19:00:00,중구,0.0155,0.046,0.45,0.0038,48.0,34.0
2025-03-06 19:00:00,노원구,0.0149,0.0466,0.46,0.0027,48.0,34.0
2025-03-06 19:00:00,관악구,0.0206,0.0426,0.5,0.0026,52.0,38.0
2025-03-06 19:00:00,중랑구,0.0172,0.0411,0.48,0.0036,47.0,32.0
2025-03-06 19:00:00,강북구,0.0097,0.0549,0.41,0.0032,49.0,35.0
2025-03-06 19:00:00,성동구,0.016,0.0467,0.44,0.0031,43.0,27.0
2025-03-06 19:00:00,종로구,0.0174,0.0498,0.51,0.0031,57.0,44.0
2025-03-06 19:00:00,도봉구,0.0086,0.0605,0.44,0.0041,40.0,26.0
2025-03-06 19:00:00,강서구,0.0186,0.0445,0.45,0.0028,56.0,35.0
2025-03-06 19:00:00,성북구,0.0147,0.0466,0.6,0.0035,39.0,21.0
2025-03-06 19:00:00,동작구,0.0184,0.0509,0.45,0.0028,50.0,39.0
2025-03-06 19:00:00,영등포구,0.0198,0.0476,0.47,0.0027,47.0,32.0
2025-03-06 19:00:00,광진구,0.0143,0.0547,0.49,0.0035,45.0,29.0
2025-03-06 19:00:00,양천구,0.025,0.0417,0.47,0.003,52.0,39.0
2025-03-06 19:00:00,용산구,0.0175,0.0414,0.51,0.0034,49.0,31.0
2025-03-06 19:00:00,금천구,0.0326,0.0368,0.53,0.0033,64.0,43.0
2025-03-06 19:00:00,강동구,0.0147,0.0524,0.62,0.0037,46.0,39.0
2025-03-06 18:00:00,서초구,0.0074,0.0541,0.37,0.003,48.0,28.0
2025-03-06 18:00:00,도봉구,0.0072,0.0611,0.44,0.004,34.0,24.0
2025-03-06 18:00:00,서대문구,0.0097,0.0567,0.44,0.0042,44.0,28.0
2025-03-06 18:00:00,중구,0.0104,0.0513,0.42,0.0037,38.0,29.0
2025-03-06 18:00:00,마포구,0.0135,0.0529,0.41,0.0033,47.0,33.0
2025-03-06 18:00:00,강동구,0.0103,0.0556,0.56,0.0036,44.0,28.0
2025-03-06 18:00:00,종로구,0.0126,0.0545,0.47,0.0031,46.0,34.0
2025-03-06 18:00:00,강북구,0.008,0.0572,0.41,0.0034,45.0,36.0
2025-03-06 18:00:00,은평구,0.0112,0.0429,0.66,0.0038,50.0,27.0
2025-03-06 18:00:00,동작구,0.0112,0.0571,0.4,0.003,46.0,34.0
2025-03-06 18:00:00,강서구,0.0123,0.0512,0.44,0.0029,51.0,31.0
2025-03-06 18:00:00,용산구,0.0142,0.0441,0.48,0.0034,45.0,27.0
2025-03-06 18:00:00,관악구,0.011,0.049,0.42,0.0026,39.0,32.0
2025-03-06 18:00:00,영등포구,0.0122,0.0538,0.44,0.0028,43.0,26.0
2025-03-06 18:00:00,중랑구,0.0112,0.0447,0.45,0.0033,44.0,33.0
2025-03-06 18:00:00,광진구,0.0108,0.0576,0.47,0.0034,35.0,28.0
2025-03-06 18:00:00,양천구,0.0137,0.0525,0.44,0.0032,47.0,32.0
2025-03-06 18:00:00,송파구,0.0153,0.0465,0.43,0.003,47.0,32.0
2025-03-06 18:00:00,구로구,0.0095,0.046,0.37,0.0031,57.0,33.0
2025-03-06 18:00:00,동대문구,0.0104,0.0515,0.42,0.003,46.0,29.0
2025-03-06 18:00:00,성북구,0.0105,0.0509,0.55,0.0034,38.0,25.0
2025-03-06 18:00:00,금천구,0.0191,0.0495,0.46,0.0035,49.0,33.0
2025-03-06 18:00:00,성동구,0.0134,0.0492,0.43,0.003,38.0,25.0
2025-03-06 18:00:00,강남구,0.013,0.0449,0.44,0.0027,51.0,33.0
2025-03-06 18:00:00,노원구,0.0099,0.049,0.39,0.0026,46.0,33.0
2025-03-06 17:00:00,은평구,0.0092,0.0438,0.63,0.0037,45.0,26.0
2025-03-06 17:00:00,강북구,0.007,0.0573,0.38,0.0031,43.0,34.0
2025-03-06 17:00:00,서대문구,0.0077,0.0571,0.43,0.0039,38.0,21.0
2025-03-06 17:00:00,종로구,0.0111,0.0549,0.42,0.003,44.0,34.0
2025-03-06 17:00:00,성북구,0.0119,0.0486,0.54,0.0033,40.0,22.0
2025-03-06 17:00:00,중구,0.0078,0.0523,0.38,0.0028,40.0,31.0
2025-03-06 17:00:00,동대문구,0.0082,0.0523,0.39,0.003,46.0,28.0
2025-03-06 17:00:00,관악구,0.0096,0.0488,0.4,0.0027,37.0,26.0
2025-03-06 17:00:00,강남구,0.0114,0.0444,0.41,0.0026,51.0,34.0
2025-03-06 17:00:00,구로구,0.0071,0.048,0.34,0.0031,47.0,27.0
2025-03-06 17:00:00,금천구,0.0118,0.0532,0.4,0.0033,38.0,26.0
2025-03-06 17:00:00,마포구,0.0107,0.0537,0.4,0.0028,44.0,30.0
2025-03-06 17:00:00,동작구,0.0098,0.0578,0.37,0.0027,43.0,28.0
2025-03-06 17:00:00,영등포구,0.0111,0.054,0.39,0.0026,41.0,26.0
2025-03-06 17:00:00,용산구,0.0104,0.0455,0.44,0.0035,42.0,23.0
2025-03-06 17:00:00,강서구,0.0,0.0,0.0,0.0,0.0,25.0
2025-03-06 17:00:00,양천구,0.0103,0.0542,0.4,0.0031,40.0,29.0
2025-03-06 17:00:00,서초구,0.0074,0.0525,0.36,0.003,52.0,27.0
2025-03-06 17:00:00,송파구,0.0129,0.0481,0.41,0.003,55.0,31.0
2025-03-06 17:00:00,도봉구,0.0065,0.0618,0.45,0.004,41.0,23.0
2025-03-06 17:00:00,노원구,0.0085,0.051,0.39,0.0027,43.0,32.0
2025-03-06 17:00:00,성동구,0.0126,0.0481,0.4,0.0037,39.0,27.0
2025-03-06 17:00:00,중랑구,0.0097,0.0452,0.39,0.0032,39.0,26.0
2025-03-06 17:00:00,강동구,0.0091,0.0545,0.51,0.0033,37.0,29.0
2025-03-06 17:00:00,광진구,0.0087,0.0583,0.45,0.0034,0.0,28.0
2025-03-06 16:00:00,영등포구,0.0108,0.0546,0.4,0.0029,37.0,26.0
2025-03-06 16:00:00,관악구,0.0091,0.0484,0.39,0.0026,29.0,21.0
2025-03-06 16:00:00,구로구,0.0064,0.0476,0.33,0.0031,39.0,27.0
2025-03-06 16:00:00,용산구,0.0125,0.0437,0.43,0.0037,43.0,27.0
2025-03-06 16:00:00,강서구,0.0,0.0,0.0,0.0,0.0,0.0
2025-03-06 16:00:00,송파구,0.0115,0.0482,0.38,0.0029,38.0,21.0
2025-03-06 16:00:00,도봉구,0.0052,0.0601,0.42,0.004,34.0,20.0
2025-03-06 16:00:00,은평구,0.0085,0.0429,0.63,0.0037,43.0,25.0
2025-03-06 16:00:00,강북구,0.0063,0.0556,0.36,0.0029,39.0,28.0
2025-03-06 16:00:00,중랑구,0.0093,0.0442,0.34,0.0033,32.0,19.0
2025-03-06 16:00:00,강남구,0.0114,0.0415,0.4,0.0028,51.0,27.0
2025-03-06 16:00:00,금천구,0.0107,0.0518,0.33,0.0034,27.0,19.0
2025-03-06 16:00:00,서대문구,0.0072,0.0565,0.44,0.004,39.0,21.0
2025-03-06 16:00:00,동작구,0.0093,0.057,0.35,0.0029,36.0,26.0
2025-03-06 16:00:00,종로구,0.0108,0.0544,0.4,0.0033,40.0,32.0
2025-03-06 16:00:00,성북구,0.0142,0.0446,0.54,0.0035,35.0,26.0
2025-03-06 16:00:00,동대문구,0.0081,0.0513,0.39,0.003,41.0,24.0
2025-03-06 16:00:00,강동구,0.0094,0.054,0.49,0.0033,30.0,23.0
2025-03-06 16:00:00,성동구,0.0115,0.0485,0.38,0.0033,35.0,20.0
2025-03-06 16:00:00,서초구,0.0071,0.0506,0.34,0.003,45.0,23.0
2025-03-06 16:00:00,노원구,0.0064,0.0491,0.34,0.0024,33.0,22.0
2025-03-06 16:00:00,중구,0.0078,0.0514,0.39,0.0032,35.0,25.0
2025-03-06 16:00:00,광진구,0.0081,0.0585,0.4,0.0031,0.0,19.0
2025-03-06 16:00:00,양천구,0.0094,0.0542,0.39,0.0027,36.0,26.0
2025-03-06 16:00:00,마포구,0.0103,0.0535,0.41,0.003,41.0,28.0
2025-03-06 15:00:00,동작구,0.01,0.0555,0.34,0.0025,38.0,21.0
2025-03-06 15:00:00,서초구,0.0085,0.048,0.33,0.0029,50.0,23.0
2025-03-06 15:00:00,강남구,0.0,0.0,0.0,0.0,0.0,0.0
2025-03-06 15:00:00,광진구,0.0096,0.0546,0.39,0.0034,40.0,25.0
2025-03-06 15:00:00,중랑구,0.0108,0.0425,0.36,0.0033,41.0,31.0
2025-03-06 15:00:00,동대문구,0.0077,0.0505,0.36,0.0028,38.0,21.0
2025-03-06 15:00:00,성동구,0.0137,0.0459,0.37,0.0032,33.0,25.0
2025-03-06 15:00:00,노원구,0.0054,0.0479,0.31,0.0022,33.0,21.0
2025-03-06 15:00:00,관악구,0.0087,0.0483,0.32,0.0028,27.0,17.0
2025-03-06 15:00:00,송파구,0.0121,0.0468,0.36,0.0032,0.0,0.0
2025-03-06 15:00:00,강서구,0.0074,0.0542,0.35,0.0029,34.0,19.0
2025-03-06 15:00:00,서대문구,0.0065,0.0555,0.42,0.0038,36.0,16.0
2025-03-06 15:00:00,중구,0.0076,0.0501,0.35,0.0031,33.0,22.0
2025-03-06 15:00:00,강북구,0.0061,0.0535,0.32,0.0033,30.0,18.0
2025-03-06 15:00:00,영등포구,0.0093,0.0533,0.36,0.0028,33.0,22.0
2025-03-06 15:00:00,종로구,0.0104,0.0534,0.36,0.0032,36.0,28.0
2025-03-06 15:00:00,구로구,0.0061,0.0468,0.3,0.003,38.0,20.0
2025-03-06 15:00:00,마포구,0.0103,0.0511,0.35,0.0028,35.0,22.0
2025-03-06 15:00:00,성북구,0.0093,0.0488,0.5,0.0033,31.0,14.0
2025-03-06 15:00:00,금천구,0.0098,0.0523,0.32,0.0032,29.0,17.0
2025-03-06 15:00:00,용산구,0.012,0.0421,0.4,0.0038,45.0,26.0
2025-03-06 15:00:00,도봉구,0.0041,0.0589,0.36,0.0037,24.0,13.0
2025-03-06 15:00:00,은평구,0.0084,0.0419,0.58,0.0034,40.0,16.0
2025-03-06 15:00:00,양천구,0.0081,0.0533,0.35,0.0028,30.0,22.0
2025-03-06 15:00:00,강동구,0.0126,0.0508,0.53,0.0036,41.0,24.0
2025-03-06 14:00:00,마포구,0.0109,0.048,0.34,0.003,41.0,24.0
2025-03-06 14:00:00,동작구,0.0118,0.0507,0.35,0.003,45.0,26.0
2025-03-06 14:00:00,강남구,0.0,0.0,0.0,0.0,0.0,0.0
2025-03-06 14:00:00,중구,0.0082,0.0479,0.34,0.0031,35.0,23.0
2025-03-06 14:00:00,강동구,0.0185,0.0416,0.59,0.0041,50.0,30.0
2025-03-06 14:00:00,종로구,0.0117,0.0507,0.36,0.0033,39.0,29.0
2025-03-06 14:00:00,강북구,0.0072,0.0525,0.32,0.0031,37.0,28.0
2025-03-06 14:00:00,은평구,0.0079,0.0408,0.54,0.0033,34.0,15.0
2025-03-06 14:00:00,강서구,0.0074,0.0515,0.32,0.003,39.0,18.0
2025-03-06 14:00:00,용산구,0.014,0.0393,0.4,0.0036,48.0,24.0
2025-03-06 14:00:00,관악구,0.0114,0.044,0.37,0.003,38.0,26.0
2025-03-06 14:00:00,영등포구,0.0114,0.0493,0.36,0.0028,38.0,23.0
2025-03-06 14:00:00,광진구,0.0,0.0,0.0,0.0,51.0,26.0
2025-03-06 14:00:00,양천구,0.0089,0.0498,0.34,0.0032,38.0,22.0
2025-03-06 14:00:00,구로구,0.0067,0.0434,0.3,0.0032,41.0,22.0
2025-03-06 14:00:00,송파구,0.0149,0.0415,0.4,0.0033,53.0,25.0
2025-03-06 14:00:00,금천구,0.0101,0.0487,0.37,0.0029,41.0,30.0
2025-03-06 14:00:00,성북구,0.0111,0.0451,0.53,0.0035,36.0,19.0
2025-03-06 14:00:00,노원구,0.0068,0.0478,0.33,0.0026,36.0,27.0
2025-03-06 14:00:00,성동구,0.0155,0.0421,0.4,0.0032,0.0,26.0
2025-03-06 14:00:00,중랑구,0.016,0.0347,0.41,0.0036,46.0,31.0
2025-03-06 14:00:00,도봉구,0.0059,0.0559,0.4,0.0039,32.0,16.0
2025-03-06 14:00:00,서초구,0.0098,0.0442,0.32,0.0032,47.0,22.0
2025-03-06 14:00:00,서대문구,0.007,0.0532,0.42,0.0037,31.0,17.0
2025-03-06 14:00:00,동대문구,0.0099,0.0456,0.37,0.0029,48.0,27.0
2025-03-06 13:00:00,성동구,0.0205,0.0325,0.49,0.0035,53.0,27.0
2025-03-06 13:00:00,동작구,0.0161,0.0424,0.39,0.0035,54.0,30.0
2025-03-06 13:00:00,중랑구,0.0191,0.0314,0.49,0.0039,47.0,32.0
2025-03-06 13:00:00,동대문구,0.0213,0.0319,0.52,0.0035,58.0,33.0
2025-03-06 13:00:00,마포구,0.0163,0.0418,0.42,0.0029,50.0,29.0
2025-03-06 13:00:00,노원구,0.0084,0.043,0.35,0.0028,38.0,27.0
2025-03-06 13:00:00,성북구,0.018,0.0354,0.62,0.004,43.0,26.0
2025-03-06 13:00:00,금천구,0.0165,0.0392,0.4,0.0037,60.0,40.0
2025-03-06 13:00:00,송파구,0.0225,0.0307,0.51,0.0035,55.0,24.0
2025-03-06 13:00:00,구로구,0.0109,0.0357,0.36,0.0037,52.0,30.0
2025-03-06 13:00:00,양천구,0.0153,0.0422,0.42,0.0037,53.0,31.0
2025-03-06 13:00:00,광진구,0.0,0.0,0.0,0.0,46.0,23.0
2025-03-06 13:00:00,영등포구,0.0144,0.0426,0.39,0.0034,44.0,27.0
2025-03-06 13:00:00,관악구,0.0165,0.0369,0.44,0.0034,47.0,27.0
2025-03-06 13:00:00,서대문구,0.0082,0.0487,0.46,0.0044,38.0,22.0
2025-03-06 13:00:00,용산구,0.0171,0.0337,0.44,0.004,55.0,28.0
2025-03-06 13:00:00,강서구,0.0122,0.0453,0.4,0.003,53.0,28.0
2025-03-06 13:00:00,은평구,0.0087,0.0385,0.57,0.0037,36.0,15.0
2025-03-06 13:00:00,강북구,0.0095,0.0457,0.35,0.0033,34.0,23.0
2025-03-06 13:00:00,종로구,0.0149,0.043,0.42,0.0039,55.0,38.0
2025-03-06 13:00:00,강동구,0.0199,0.0369,0.65,0.0043,49.0,30.0
2025-03-06 13:00:00,중구,0.0093,0.0433,0.36,0.0037,45.0,29.0
2025-03-06 13:00:00,강남구,0.0191,0.033,0.46,0.0034,51.0,27.0
2025-03-06 13:00:00,서초구,0.0108,0.0384,0.36,0.0035,54.0,25.0
2025-03-06 13:00:00,도봉구,0.0077,0.0493,0.42,0.0044,32.0,17.0
2025-03-06 12:00:00,마포구,0.018,0.0359,0.44,0.0032,64.0,33.0
2025-03-06 12:00:00,강남구,0.0256,0.0266,0.54,0.0032,51.0,28.0
2025-03-06 12:00:00,강동구,0.024,0.0292,0.69,0.0043,54.0,31.0
2025-03-06 12:00:00,강북구,0.0124,0.0408,0.37,0.0035,41.0,27.0
2025-03-06 12:00:00,강서구,0.0198,0.0347,0.47,0.0034,53.0,25.0
2025-03-06 12:00:00,관악구,0.0213,0.0301,0.48,0.0036,48.0,30.0
2025-03-06 12:00:00,광진구,0.0173,0.0401,0.58,0.0048,46.0,23.0
2025-03-06 12:00:00,구로구,0.0114,0.0322,0.38,0.0038,60.0,38.0
2025-03-06 12:00:00,금천구,0.0207,0.033,0.48,0.0031,61.0,42.0
2025-03-06 12:00:00,노원구,0.01,0.0392,0.36,0.0032,42.0,29.0
2025-03-06 12:00:00,도봉구,0.0083,0.0475,0.42,0.0046,29.0,13.0
2025-03-06 12:00:00,동대문구,0.0221,0.0299,0.57,0.0037,56.0,26.0
2025-03-06 12:00:00,동작구,0.0212,0.0342,0.47,0.0033,58.0,35.0
2025-03-06 12:00:00,서대문구,0.0127,0.0382,0.55,0.0047,51.0,25.0
2025-03-06 12:00:00,서초구,0.0184,0.0263,0.47,0.0034,60.0,32.0
2025-03-06 12:00:00,성동구,0.0313,0.0214,0.61,0.0036,55.0,29.0
2025-03-06 12:00:00,성북구,0.0172,0.0332,0.67,0.0042,45.0,27.0
2025-03-06 12:00:00,송파구,0.0252,0.0279,0.55,0.0038,52.0,25.0
2025-03-06 12:00:00,양천구,0.0184,0.0355,0.46,0.0035,48.0,32.0
2025-03-06 12:00:00,영등포구,0.0167,0.0369,0.43,0.0032,49.0,32.0
2025-03-06 12:00:00,용산구,0.0282,0.0223,0.58,0.004,57.0,34.0
2025-03-06 12:00:00,은평구,0.0122,0.0315,0.64,0.0039,49.0,22.0
2025-03-06 12:00:00,종로구,0.0318,0.0271,0.65,0.0038,59.0,39.0
2025-03-06 12:00:00,중구,0.0222,0.028,0.5,0.004,44.0,34.0
2025-03-06 12:00:00,중랑구,0.016,0.0306,0.45,0.004,49.0,34.0
2025-03-06 11:00:00,강남구,0.0321,0.0194,0.62,0.0032,51.0,27.0
2025-03-06 11:00:00,동대문구,0.0192,0.0303,0.54,0.0035,55.0,28.0
2025-03-06 11:00:00,송파구,0.0292,0.0218,0.58,0.0033,52.0,32.0
2025-03-06 11:00:00,서초구,0.018,0.0253,0.48,0.0033,60.0,33.0
2025-03-06 11:00:00,중구,0.0283,0.0213,0.56,0.0038,41.0,30.0
2025-03-06 11:00:00,영등포구,0.0276,0.0266,0.5,0.0036,47.0,31.0
2025-03-06 11:00:00,금천구,0.0206,0.0314,0.48,0.0034,62.0,43.0
2025-03-06 11:00:00,은평구,0.0148,0.0277,0.67,0.0037,55.0,23.0
2025-03-06 11:00:00,성북구,0.018,0.0304,0.69,0.0043,51.0,30.0
2025-03-06 11:00:00,마포구,0.0214,0.0291,0.48,0.0036,62.0,36.0
2025-03-06 11:00:00,구로구,0.0151,0.0253,0.43,0.0038,60.0,33.0
2025-03-06 11:00:00,강북구,0.0177,0.0329,0.48,0.0038,58.0,44.0
2025-03-06 11:00:00,중랑구,0.0267,0.0219,0.59,0.0034,54.0,37.0
2025-03-06 11:00:00,서대문구,0.0172,0.0318,0.64,0.0048,52.0,28.0
2025-03-06 11:00:00,동작구,0.0206,0.0336,0.48,0.0035,58.0,34.0
2025-03-06 11:00:00,노원구,0.0114,0.0354,0.41,0.0032,52.0,33.0
2025-03-06 11:00:00,종로구,0.03,0.0256,0.65,0.0038,55.0,39.0
2025-03-06 11:00:00,용산구,0.0317,0.0174,0.61,0.0038,54.0,33.0
2025-03-06 11:00:00,양천구,0.0219,0.0303,0.51,0.0035,48.0,33.0
2025-03-06 11:00:00,성동구,0.032,0.0189,0.64,0.0041,48.0,24.0
2025-03-06 11:00:00,광진구,0.028,0.0272,0.71,0.0047,50.0,27.0
2025-03-06 11:00:00,강동구,0.0252,0.024,0.69,0.0043,49.0,35.0
2025-03-06 11:00:00,강서구,0.0214,0.032,0.49,0.0035,55.0,29.0
2025-03-06 11:00:00,관악구,0.0219,0.028,0.49,0.0034,45.0,27.0
2025-03-06 11:00:00,도봉구,0.0113,0.0416,0.49,0.0046,48.0,21.0
2025-03-06 10:00:00,성북구,0.0235,0.0243,0.76,0.0045,54.0,26.0
2025-03-06 10:00:00,구로구,0.0161,0.0236,0.46,0.0036,60.0,35.0
2025-03-06 10:00:00,서대문구,0.019,0.0276,0.66,0.005,50.0,26.0
2025-03-06 10:00:00,양천구,0.0253,0.026,0.55,0.0034,51.0,29.0
2025-03-06 10:00:00,관악구,0.0242,0.0253,0.5,0.0034,39.0,24.0
2025-03-06 10:00:00,동대문구,0.0247,0.0236,0.6,0.0033,53.0,28.0
2025-03-06 10:00:00,강동구,0.0237,0.0235,0.68,0.0042,51.0,36.0
2025-03-06 10:00:00,중구,0.0248,0.0214,0.55,0.0034,38.0,27.0
2025-03-06 10:00:00,영등포구,0.0219,0.028,0.48,0.0033,43.0,28.0
2025-03-06 10:00:00,서초구,0.0238,0.0162,0.51,0.003,59.0,33.0
2025-03-06 10:00:00,도봉구,0.0203,0.0306,0.66,0.0045,55.0,27.0
2025-03-06 10:00:00,성동구,0.0305,0.0183,0.6,0.0047,50.0,27.0
2025-03-06 10:00:00,강남구,0.0353,0.0153,0.62,0.0029,46.0,28.0
2025-03-06 10:00:00,종로구,0.0372,0.016,0.72,0.0037,52.0,34.0
2025-03-06 10:00:00,노원구,0.0119,0.0346,0.48,0.0032,51.0,28.0
2025-03-06 10:00:00,광진구,0.0281,0.0249,0.71,0.0048,38.0,20.0
2025-03-06 10:00:00,강북구,0.0241,0.0242,0.58,0.0033,57.0,33.0
2025-03-06 10:00:00,중랑구,0.0294,0.0161,0.6,0.0033,46.0,28.0
2025-03-06 10:00:00,용산구,0.036,0.0126,0.67,0.0035,55.0,30.0
2025-03-06 10:00:00,은평구,0.0193,0.0227,0.72,0.0035,50.0,23.0
2025-03-06 10:00:00,금천구,0.038,0.0157,0.66,0.0031,54.0,37.0
2025-03-06 10:00:00,동작구,0.0305,0.0218,0.57,0.003,50.0,32.0
2025-03-06 10:00:00,마포구,0.0272,0.0201,0.51,0.0033,54.0,36.0
2025-03-06 10:00:00,강서구,0.0273,0.0248,0.53,0.0036,52.0,26.0
2025-03-06 10:00:00,송파구,0.0331,0.0154,0.62,0.0036,49.0,29.0
2025-03-06 09:00:00,종로구,0.0377,0.012,0.73,0.0029,42.0,28.0
2025-03-06 09:00:00,서초구,0.0288,0.0095,0.51,0.0027,54.0,31.0
2025-03-06 09:00:00,구로구,0.0244,0.0124,0.51,0.0031,56.0,37.0
2025-03-06 09:00:00,노원구,0.0282,0.0207,0.59,0.0034,55.0,30.0
2025-03-06 09:00:00,은평구,0.029,0.01,0.76,0.0031,46.0,21.0
2025-03-06 09:00:00,성북구,0.0292,0.0166,0.82,0.0041,48.0,24.0
2025-03-06 09:00:00,중랑구,0.0257,0.0163,0.55,0.003,44.0,26.0
2025-03-06 09:00:00,송파구,0.0372,0.0101,0.6,0.0031,42.0,25.0
2025-03-06 09:00:00,도봉구,0.0293,0.0196,0.7,0.0041,52.0,27.0
2025-03-06 09:00:00,마포구,0.0274,0.0136,0.53,0.0026,47.0,29.0
2025-03-06 09:00:00,관악구,0.0389,0.0118,0.57,0.0024,40.0,26.0
2025-03-06 09:00:00,강동구,0.0335,0.0129,0.73,0.0039,53.0,33.0
2025-03-06 09:00:00,동작구,0.0385,0.0129,0.63,0.0026,44.0,28.0
2025-03-06 09:00:00,중구,0.0381,0.0077,0.69,0.0029,37.0,30.0
2025-03-06 09:00:00,강북구,0.0286,0.0162,0.63,0.0026,44.0,23.0
2025-03-06 09:00:00,금천구,0.0476,0.0055,0.76,0.0025,45.0,32.0
2025-03-06 09:00:00,동대문구,0.0321,0.0151,0.62,0.003,46.0,23.0
2025-03-06 09:00:00,서대문구,0.0253,0.0147,0.98,0.0074,43.0,27.0
2025-03-06 09:00:00,영등포구,0.0319,0.0133,0.52,0.0027,38.0,26.0
2025-03-06 09:00:00,성동구,0.0334,0.0156,0.57,0.0034,43.0,24.0
2025-03-06 09:00:00,광진구,0.0347,0.0139,0.71,0.0045,42.0,23.0
2025-03-06 09:00:00,용산구,0.04,0.0086,0.7,0.0033,45.0,26.0
2025-03-06 09:00:00,강서구,0.0419,0.0089,0.61,0.0033,45.0,24.0
2025-03-06 09:00:00,양천구,0.0356,0.0138,0.64,0.0029,52.0,29.0
2025-03-06 09:00:00,강남구,0.0376,0.0101,0.6,0.002,40.0,24.0
2025-03-06 08:00:00,서대문구,0.0282,0.0086,1.05,0.0078,35.0,26.0
2025-03-06 08:00:00,중랑구,0.0301,0.0124,0.59,0.0029,43.0,26.0
2025-03-06 08:00:00,도봉구,0.0306,0.0161,0.67,0.0039,48.0,25.0
2025-03-06 08:00:00,영등포구,0.0383,0.0097,0.49,0.0021,39.0,28.0
2025-03-06 08:00:00,강북구,0.0231,0.0125,0.59,0.0024,36.0,23.0
2025-03-06 08:00:00,마포구,0.0379,0.0055,0.55,0.0024,37.0,24.0
2025-03-06 08:00:00,성동구,0.0458,0.0028,0.59,0.0027,36.0,22.0
2025-03-06 08:00:00,양천구,0.048,0.0051,0.71,0.0028,44.0,32.0
2025-03-06 08:00:00,노원구,0.0324,0.0158,0.61,0.0032,63.0,43.0
2025-03-06 08:00:00,종로구,0.0414,0.0043,0.73,0.0023,39.0,26.0
2025-03-06 08:00:00,송파구,0.0375,0.0083,0.59,0.0028,42.0,23.0
2025-03-06 08:00:00,관악구,0.0489,0.0058,0.61,0.0023,39.0,28.0
2025-03-06 08:00:00,성북구,0.0293,0.0129,0.8,0.0038,39.0,24.0
2025-03-06 08:00:00,용산구,0.0413,0.0056,0.65,0.0029,41.0,22.0
2025-03-06 08:00:00,강서구,0.0467,0.0052,0.59,0.0026,44.0,27.0
2025-03-06 08:00:00,강남구,0.0392,0.007,0.58,0.0023,37.0,26.0
2025-03-06 08:00:00,금천구,0.043,0.0062,0.66,0.0021,39.0,29.0
2025-03-06 08:00:00,광진구,0.0388,0.0061,0.71,0.0041,38.0,22.0
2025-03-06 08:00:00,강동구,0.0397,0.0052,0.77,0.0036,45.0,28.0
2025-03-06 08:00:00,구로구,0.0302,0.0077,0.49,0.0026,48.0,37.0
2025-03-06 08:00:00,동대문구,0.037,0.0085,0.61,0.0026,43.0,25.0
2025-03-06 08:00:00,중구,0.041,0.0033,0.74,0.0027,36.0,26.0
2025-03-06 08:00:00,동작구,0.0441,0.0067,0.62,0.0022,41.0,26.0
2025-03-06 08:00:00,서초구,0.0304,0.0074,0.47,0.0026,47.0,29.0
2025-03-06 08:00:00,은평구,0.029,0.0052,0.73,0.0029,40.0,16.0
2025-03-06 07:00:00,구로구,0.0264,0.0122,0.45,0.0026,44.0,32.0
2025-03-06 07:00:00,성동구,0.0435,0.0022,0.56,0.0022,35.0,22.0
2025-03-06 07:00:00,은평구,0.0256,0.0063,0.7,0.0028,35.0,11.0
2025-03-06 07:00:00,마포구,0.0303,0.0124,0.5,0.0021,35.0,24.0
2025-03-06 07:00:00,도봉구,0.0273,0.0171,0.63,0.0038,47.0,23.0
2025-03-06 07:00:00,금천구,0.0345,0.0137,0.57,0.0018,37.0,28.0
2025-03-06 07:00:00,중구,0.0358,0.0084,0.53,0.0025,34.0,30.0
2025-03-06 07:00:00,강북구,0.0215,0.0145,0.52,0.002,38.0,24.0
2025-03-06 07:00:00,광진구,0.0393,0.0064,0.66,0.0039,38.0,18.0
2025-03-06 07:00:00,동대문구,0.0393,0.0047,0.61,0.0022,37.0,21.0
2025-03-06 07:00:00,종로구,0.0331,0.0087,0.56,0.0021,41.0,26.0
2025-03-06 07:00:00,강동구,0.0342,0.0101,0.72,0.0035,41.0,28.0
2025-03-06 07:00:00,서초구,0.0212,0.0168,0.41,0.0025,44.0,30.0
2025-03-06 07:00:00,양천구,0.0456,0.0075,0.6,0.0025,41.0,30.0
2025-03-06 07:00:00,용산구,0.0366,0.008,0.57,0.0029,41.0,23.0
2025-03-06 07:00:00,송파구,0.0408,0.0049,0.54,0.0025,40.0,25.0
2025-03-06 07:00:00,성북구,0.0309,0.0104,0.79,0.0036,40.0,22.0
2025-03-06 07:00:00,영등포구,0.0384,0.0115,0.47,0.0024,41.0,26.0
2025-03-06 07:00:00,노원구,0.0183,0.0291,0.51,0.0031,56.0,42.0
2025-03-06 07:00:00,서대문구,0.0245,0.011,0.97,0.0082,38.0,19.0
2025-03-06 07:00:00,중랑구,0.0275,0.0128,0.55,0.0025,42.0,23.0
2025-03-06 07:00:00,관악구,0.0397,0.0118,0.57,0.0022,36.0,25.0
2025-03-06 07:00:00,강서구,0.0363,0.0147,0.51,0.0028,46.0,27.0
2025-03-06 07:00:00,동작구,0.0383,0.0087,0.55,0.0019,42.0,26.0
2025-03-06 07:00:00,강남구,0.033,0.0098,0.52,0.0022,36.0,23.0
2025-03-06 06:00:00,광진구,0.0318,0.0134,0.61,0.0038,38.0,21.0
2025-03-06 06:00:00,영등포구,0.0304,0.0197,0.45,0.0024,37.0,22.0
2025-03-06 06:00:00,마포구,0.0265,0.0158,0.47,0.0019,34.0,23.0
2025-03-06 06:00:00,서대문구,0.0205,0.0152,0.95,0.0076,32.0,18.0
2025-03-06 06:00:00,동대문구,0.0326,0.0082,0.56,0.0021,36.0,19.0
2025-03-06 06:00:00,중랑구,0.0164,0.0206,0.47,0.0028,40.0,23.0
2025-03-06 06:00:00,강동구,0.0228,0.0219,0.65,0.0036,42.0,22.0
2025-03-06 06:00:00,서초구,0.016,0.0215,0.4,0.0024,45.0,22.0
2025-03-06 06:00:00,도봉구,0.0217,0.0207,0.6,0.0036,40.0,22.0
2025-03-06 06:00:00,중구,0.0254,0.0162,0.47,0.0028,31.0,24.0
2025-03-06 06:00:00,강북구,0.0172,0.0178,0.53,0.002,38.0,24.0
2025-03-06 06:00:00,동작구,0.0303,0.0157,0.5,0.002,40.0,25.0
2025-03-06 06:00:00,성동구,0.0375,0.0061,0.51,0.0022,32.0,18.0
2025-03-06 06:00:00,노원구,0.0158,0.0294,0.51,0.0031,52.0,32.0
2025-03-06 06:00:00,종로구,0.0372,0.0062,0.56,0.0022,36.0,25.0
2025-03-06 06:00:00,강서구,0.0258,0.0238,0.45,0.0024,42.0,22.0
2025-03-06 06:00:00,성북구,0.0342,0.0067,0.8,0.0035,38.0,19.0
2025-03-06 06:00:00,금천구,0.0287,0.0145,0.57,0.0022,32.0,20.0
2025-03-06 06:00:00,은평구,0.0175,0.0111,0.63,0.0027,29.0,11.0
2025-03-06 06:00:00,송파구,0.039,0.0054,0.53,0.0023,36.0,24.0
2025-03-06 06:00:00,관악구,0.0273,0.0212,0.46,0.0024,35.0,24.0
2025-03-06 06:00:00,구로구,0.0157,0.0244,0.4,0.0026,44.0,31.0
2025-03-06 06:00:00,용산구,0.0277,0.0146,0.54,0.0028,34.0,18.0
2025-03-06 06:00:00,양천구,0.0316,0.0194,0.52,0.0026,41.0,31.0
2025-03-06 06:00:00,강남구,0.0257,0.0155,0.49,0.0022,34.0,22.0
2025-03-06 05:00:00,송파구,0.0377,0.0065,0.52,0.0023,36.0,23.0
2025-03-06 05:00:00,동작구,0.0305,0.0148,0.48,0.0019,39.0,24.0
2025-03-06 05:00:00,서대문구,0.0152,0.0218,0.83,0.0061,33.0,18.0
2025-03-06 05:00:00,동대문구,0.026,0.0165,0.52,0.0025,36.0,18.0
2025-03-06 05:00:00,서초구,0.0142,0.0236,0.39,0.0024,43.0,23.0
2025-03-06 05:00:00,도봉구,0.0179,0.025,0.57,0.0036,39.0,20.0
2025-03-06 05:00:00,성동구,0.035,0.0083,0.5,0.0022,30.0,18.0
2025-03-06 05:00:00,노원구,0.0086,0.0356,0.42,0.0029,53.0,30.0
2025-03-06 05:00:00,성북구,0.028,0.0123,0.73,0.0035,40.0,16.0
2025-03-06 05:00:00,금천구,0.0264,0.016,0.48,0.0019,34.0,21.0
2025-03-06 05:00:00,양천구,0.0251,0.0241,0.51,0.0026,42.0,29.0
2025-03-06 05:00:00,구로구,0.0163,0.0221,0.4,0.0025,45.0,28.0
2025-03-06 05:00:00,영등포구,0.0237,0.0243,0.42,0.0023,34.0,21.0
2025-03-06 05:00:00,광진구,0.0207,0.0262,0.58,0.004,37.0,20.0
2025-03-06 05:00:00,용산구,0.0277,0.0144,0.53,0.0029,33.0,17.0
2025-03-06 05:00:00,강남구,0.0246,0.0176,0.48,0.0019,34.0,21.0
2025-03-06 05:00:00,관악구,0.0185,0.0273,0.42,0.0023,34.0,24.0
2025-03-06 05:00:00,은평구,0.0132,0.0165,0.62,0.0027,36.0,12.0
2025-03-06 05:00:00,강서구,0.0186,0.0293,0.43,0.0027,40.0,21.0
2025-03-06 05:00:00,종로구,0.0229,0.0196,0.49,0.0022,34.0,21.0
2025-03-06 05:00:00,강북구,0.0135,0.0186,0.52,0.0021,40.0,24.0
2025-03-06 05:00:00,중구,0.0251,0.0162,0.46,0.0022,30.0,22.0
2025-03-06 05:00:00,강동구,0.0315,0.0124,0.66,0.0032,38.0,23.0
2025-03-06 05:00:00,중랑구,0.0108,0.0253,0.42,0.0027,38.0,20.0
2025-03-06 05:00:00,마포구,0.0206,0.0197,0.45,0.0023,33.0,19.0
2025-03-06 04:00:00,양천구,0.0236,0.0248,0.48,0.0024,34.0,22.0
2025-03-06 04:00:00,금천구,0.0284,0.0137,0.46,0.0022,34.0,22.0
2025-03-06 04:00:00,노원구,0.0138,0.03,0.45,0.0025,49.0,30.0
2025-03-06 04:00:00,송파구,0.0326,0.0111,0.51,0.0021,32.0,20.0
2025-03-06 04:00:00,종로구,0.0192,0.0237,0.46,0.0023,29.0,21.0
2025-03-06 04:00:00,중구,0.0219,0.0198,0.48,0.0026,28.0,20.0
2025-03-06 04:00:00,동대문구,0.0302,0.0134,0.55,0.0021,33.0,17.0
2025-03-06 04:00:00,영등포구,0.0163,0.0304,0.42,0.0021,32.0,23.0
2025-03-06 04:00:00,은평구,0.0116,0.02,0.62,0.0027,33.0,15.0
2025-03-06 04:00:00,마포구,0.018,0.0243,0.44,0.0023,32.0,21.0
2025-03-06 04:00:00,성동구,0.0354,0.0084,0.51,0.0021,31.0,16.0
2025-03-06 04:00:00,관악구,0.0205,0.0249,0.45,0.0021,32.0,21.0
2025-03-06 04:00:00,서초구,0.0122,0.0257,0.39,0.0024,39.0,26.0
2025-03-06 04:00:00,강동구,0.034,0.0117,0.65,0.0031,30.0,19.0
2025-03-06 04:00:00,광진구,0.0162,0.032,0.56,0.0042,38.0,18.0
2025-03-06 04:00:00,구로구,0.0148,0.023,0.38,0.0024,38.0,24.0
2025-03-06 04:00:00,강남구,0.0244,0.0177,0.48,0.0019,31.0,19.0
2025-03-06 04:00:00,서대문구,0.0171,0.0197,0.87,0.006,28.0,16.0
2025-03-06 04:00:00,강북구,0.0126,0.024,0.44,0.0024,39.0,24.0
2025-03-06 04:00:00,성북구,0.0262,0.0126,0.73,0.0035,33.0,16.0
2025-03-06 04:00:00,동작구,0.0319,0.0131,0.48,0.0019,35.0,24.0
2025-03-06 04:00:00,강서구,0.0148,0.0328,0.4,0.0023,38.0,21.0
2025-03-06 04:00:00,중랑구,0.012,0.0238,0.42,0.0025,37.0,21.0
2025-03-06 04:00:00,도봉구,0.0164,0.0281,0.54,0.0036,36.0,20.0
2025-03-06 04:00:00,용산구,0.0299,0.0129,0.52,0.0026,32.0,16.0
2025-03-06 03:00:00,구로구,0.0139,0.0233,0.38,0.0025,43.0,24.0
2025-03-06 03:00:00,성북구,0.0292,0.0104,0.75,0.0034,27.0,15.0
2025-03-06 03:00:00,강동구,0.0287,0.0187,0.62,0.0033,30.0,22.0
2025-03-06 03:00:00,강북구,0.0125,0.0238,0.44,0.0021,41.0,22.0
2025-03-06 03:00:00,종로구,0.022,0.022,0.46,0.0022,29.0,21.0
2025-03-06 03:00:00,성동구,0.0338,0.011,0.51,0.0021,25.0,14.0
2025-03-06 03:00:00,양천구,0.0228,0.0242,0.48,0.0022,35.0,22.0
2025-03-06 03:00:00,금천구,0.027,0.0147,0.55,0.0021,30.0,19.0
2025-03-06 03:00:00,강남구,0.0236,0.0185,0.49,0.0021,29.0,17.0
2025-03-06 03:00:00,영등포구,0.0195,0.0261,0.43,0.0025,35.0,22.0
2025-03-06 03:00:00,마포구,0.0199,0.0234,0.43,0.0023,33.0,18.0
2025-03-06 03:00:00,동대문구,0.0348,0.0113,0.59,0.0021,35.0,19.0
2025-03-06 03:00:00,관악구,0.0291,0.0184,0.51,0.0024,34.0,22.0
2025-03-06 03:00:00,중랑구,0.0139,0.0239,0.43,0.0022,32.0,20.0
2025-03-06 03:00:00,서초구,0.0115,0.0269,0.39,0.0024,41.0,24.0
2025-03-06 03:00:00,광진구,0.0171,0.0321,0.57,0.0042,37.0,19.0
2025-03-06 03:00:00,동작구,0.0302,0.0157,0.47,0.0021,37.0,24.0
2025-03-06 03:00:00,도봉구,0.0163,0.0289,0.53,0.0037,36.0,15.0
2025-03-06 03:00:00,은평구,0.0118,0.0166,0.6,0.0027,27.0,9.0
2025-03-06 03:00:00,송파구,0.0348,0.0106,0.51,0.0025,27.0,16.0
2025-03-06 03:00:00,중구,0.0213,0.0217,0.44,0.0023,24.0,20.0
2025-03-06 03:00:00,용산구,0.0283,0.0153,0.54,0.0027,31.0,16.0
2025-03-06 03:00:00,노원구,0.0147,0.0289,0.46,0.0026,48.0,27.0
2025-03-06 03:00:00,강서구,0.0166,0.0292,0.4,0.0026,38.0,19.0
2025-03-06 03:00:00,서대문구,0.0161,0.021,0.99,0.0062,26.0,18.0
2025-03-06 02:00:00,양천구,0.0244,0.0228,0.5,0.0028,35.0,26.0
2025-03-06 02:00:00,중랑구,0.0122,0.0265,0.41,0.0024,32.0,17.0
2025-03-06 02:00:00,서대문구,0.0149,0.0247,0.93,0.0052,27.0,17.0
2025-03-06 02:00:00,영등포구,0.0174,0.0277,0.46,0.002,32.0,20.0
2025-03-06 02:00:00,관악구,0.0272,0.0203,0.52,0.0024,34.0,22.0
2025-03-06 02:00:00,광진구,0.0172,0.0328,0.57,0.004,29.0,16.0
2025-03-06 02:00:00,구로구,0.0154,0.0216,0.41,0.0025,41.0,25.0
2025-03-06 02:00:00,은평구,0.0128,0.0197,0.6,0.0027,23.0,8.0
2025-03-06 02:00:00,송파구,0.0308,0.0145,0.47,0.0026,24.0,13.0
2025-03-06 02:00:00,용산구,0.0284,0.0165,0.54,0.0027,25.0,13.0
2025-03-06 02:00:00,노원구,0.0096,0.0355,0.41,0.0028,47.0,28.0
2025-03-06 02:00:00,강서구,0.0163,0.0297,0.41,0.0028,37.0,18.0
2025-03-06 02:00:00,성북구,0.0332,0.0096,0.77,0.0035,33.0,17.0
2025-03-06 02:00:00,종로구,0.0231,0.0244,0.48,0.0023,31.0,20.0
2025-03-06 02:00:00,도봉구,0.0118,0.0367,0.5,0.004,40.0,13.0
2025-03-06 02:00:00,성동구,0.0328,0.0128,0.48,0.002,21.0,12.0
2025-03-06 02:00:00,강북구,0.0095,0.0291,0.39,0.0023,39.0,23.0
2025-03-06 02:00:00,중구,0.0204,0.0239,0.44,0.0022,23.0,19.0
2025-03-06 02:00:00,마포구,0.0196,0.0237,0.43,0.0023,27.0,17.0
2025-03-06 02:00:00,강남구,0.0243,0.0195,0.47,0.0021,21.0,16.0
2025-03-06 02:00:00,서초구,0.0107,0.0284,0.39,0.0024,40.0,20.0
2025-03-06 02:00:00,금천구,0.0285,0.0151,0.54,0.002,28.0,16.0
2025-03-06 02:00:00,동대문구,0.026,0.02,0.51,0.0024,29.0,15.0
2025-03-06 02:00:00,동작구,0.0304,0.0175,0.46,0.0019,32.0,19.0
2025-03-06 02:00:00,강동구,0.0295,0.0195,0.61,0.0032,23.0,17.0
2025-03-06 01:00:00,강서구,0.0167,0.0298,0.42,0.0024,38.0,17.0
2025-03-06 01:00:00,노원구,0.0097,0.0368,0.39,0.0027,37.0,23.0
2025-03-06 01:00:00,금천구,0.0269,0.0203,0.49,0.002,25.0,13.0
2025-03-06 01:00:00,중구,0.0212,0.0243,0.43,0.0025,17.0,15.0
2025-03-06 01:00:00,강남구,0.0257,0.0196,0.45,0.0024,16.0,10.0
2025-03-06 01:00:00,송파구,0.0289,0.0183,0.42,0.0022,20.0,14.0
2025-03-06 01:00:00,은평구,0.0157,0.021,0.6,0.0028,21.0,6.0
2025-03-06 01:00:00,동작구,0.03,0.0195,0.45,0.0023,26.0,16.0
2025-03-06 01:00:00,용산구,0.0281,0.018,0.53,0.0026,19.0,10.0
2025-03-06 01:00:00,광진구,0.0275,0.0242,0.59,0.0038,22.0,13.0
2025-03-06 01:00:00,중랑구,0.0199,0.0224,0.44,0.0028,28.0,16.0
2025-03-06 01:00:00,동대문구,0.0249,0.0204,0.49,0.0023,24.0,15.0
2025-03-06 01:00:00,관악구,0.0238,0.0238,0.49,0.0022,27.0,18.0
2025-03-06 01:00:00,구로구,0.0175,0.0203,0.4,0.0025,40.0,23.0
2025-03-06 01:00:00,영등포구,0.02,0.0266,0.47,0.0023,28.0,16.0
2025-03-06 01:00:00,도봉구,0.0131,0.0365,0.48,0.0038,32.0,12.0
2025-03-06 01:00:00,성북구,0.0176,0.0278,0.64,0.0038,33.0,16.0
2025-03-06 01:00:00,서대문구,0.0135,0.0303,0.56,0.0033,26.0,12.0
2025-03-06 01:00:00,강동구,0.0199,0.0313,0.57,0.0034,23.0,19.0
2025-03-06 01:00:00,성동구,0.0316,0.0159,0.44,0.002,16.0,9.0
2025-03-06 01:00:00,양천구,0.0236,0.0243,0.52,0.0022,36.0,23.0
2025-03-06 01:00:00,종로구,0.0171,0.0317,0.42,0.0021,24.0,15.0
2025-03-06 01:00:00,마포구,0.0227,0.0219,0.42,0.0021,23.0,14.0
2025-03-06 01:00:00,서초구,0.015,0.0251,0.39,0.0024,37.0,19.0
2025-03-06 01:00:00,강북구,0.0131,0.0323,0.41,0.0029,33.0,19.0
2025-03-06 00:00:00,중구,0.0236,0.0237,0.42,0.0022,9.0,8.0
2025-03-06 00:00:00,용산구,0.027,0.0194,0.44,0.0027,13.0,7.0
2025-03-06 00:00:00,양천구,0.0252,0.0246,0.48,0.0024,23.0,15.0
2025-03-06 00:00:00,금천구,0.0305,0.0194,0.53,0.0027,13.0,6.0
2025-03-06 00:00:00,관악구,0.0242,0.0253,0.44,0.0023,19.0,13.0
2025-03-06 00:00:00,강남구,0.023,0.0229,0.39,0.002,13.0,9.0
2025-03-06 00:00:00,은평구,0.0178,0.0216,0.58,0.0027,15.0,2.0
2025-03-06 00:00:00,송파구,0.0272,0.0207,0.39,0.0027,15.0,11.0
2025-03-06 00:00:00,노원구,0.0201,0.0274,0.44,0.0024,22.0,15.0
2025-03-06 00:00:00,강서구,0.0208,0.0281,0.38,0.003,27.0,11.0
2025-03-06 00:00:00,종로구,0.0168,0.0325,0.37,0.0022,15.0,9.0
2025-03-06 00:00:00,성북구,0.0222,0.025,0.66,0.0033,28.0,16.0
2025-03-06 00:00:00,도봉구,0.0085,0.0435,0.42,0.0036,22.0,15.0
2025-03-06 00:00:00,서대문구,0.0136,0.0334,0.49,0.0031,16.0,8.0
2025-03-06 00:00:00,강북구,0.0147,0.0318,0.39,0.0027,27.0,16.0
2025-03-06 00:00:00,성동구,0.0265,0.0219,0.39,0.002,11.0,7.0
2025-03-06 00:00:00,광진구,0.0256,0.0271,0.55,0.0037,16.0,12.0
2025-03-06 00:00:00,동대문구,0.0196,0.0263,0.39,0.0022,18.0,9.0
2025-03-06 00:00:00,서초구,0.0134,0.028,0.33,0.0024,19.0,9.0
2025-03-06 00:00:00,강동구,0.0236,0.0282,0.56,0.003,18.0,17.0
2025-03-06 00:00:00,중랑구,0.0227,0.0241,0.44,0.0029,16.0,13.0
2025-03-06 00:00:00,동작구,0.0268,0.0258,0.4,0.0023,22.0,14.0
2025-03-06 00:00:00,영등포구,0.0243,0.0248,0.43,0.0021,20.0,12.0
2025-03-06 00:00:00,구로구,0.0159,0.0241,0.36,0.0025,34.0,19.0
2025-03-06 00:00:00,마포구,0.0253,0.0222,0.37,0.0021,16.0,7.0
2025-03-07 23:00:00,동대문구,0.0321,0.0405,0.63,0.0043,78.0,56.0
2025-03-07 23:00:00,은평구,0.0291,0.0288,0.78,0.0036,64.0,45.0
2025-03-07 23:00:00,금천구,0.0522,0.0203,0.62,0.0038,79.0,59.0
2025-03-07 23:00:00,성동구,0.0285,0.0445,0.58,0.0044,61.0,43.0
2025-03-07 23:00:00,강동구,0.033,0.0508,0.64,0.0049,73.0,53.0
2025-03-07 23:00:00,도봉구,0.034,0.0366,0.62,0.0045,68.0,39.0
2025-03-07 23:00:00,종로구,0.0385,0.0397,0.63,0.0043,81.0,62.0
2025-03-07 23:00:00,중랑구,0.0273,0.0418,0.53,0.0044,63.0,51.0
2025-03-07 23:00:00,영등포구,0.0297,0.0464,0.54,0.006,61.0,48.0
2025-03-07 23:00:00,동작구,0.057,0.0236,0.69,0.0036,81.0,60.0
2025-03-07 23:00:00,광진구,0.0352,0.0483,0.63,0.0047,65.0,46.0
2025-03-07 23:00:00,양천구,0.0418,0.0345,0.64,0.0051,70.0,52.0
2025-03-07 23:00:00,마포구,0.0362,0.0367,0.56,0.0052,67.0,48.0
2025-03-07 23:00:00,송파구,0.045,0.0337,0.64,0.0039,71.0,48.0
2025-03-07 23:00:00,강서구,0.0352,0.0365,0.55,0.0059,67.0,40.0
2025-03-07 23:00:00,구로구,0.0213,0.0357,0.47,0.0053,80.0,53.0
2025-03-07 23:00:00,노원구,0.0423,0.0221,0.72,0.0043,77.0,57.0
2025-03-07 23:00:00,서대문구,0.0329,0.0344,1.08,0.0088,73.0,45.0
2025-03-07 23:00:00,관악구,0.0516,0.0236,0.66,0.0041,69.0,53.0
2025-03-07 23:00:00,용산구,0.0417,0.0293,0.67,0.0052,70.0,50.0
2025-03-07 23:00:00,성북구,0.0418,0.031,0.81,0.0046,69.0,48.0
2025-03-07 23:00:00,강북구,0.0171,0.0456,0.49,0.0033,56.0,41.0
2025-03-07 23:00:00,서초구,0.029,0.0267,0.54,0.0042,80.0,50.0
2025-03-07 23:00:00,강남구,0.0405,0.0329,0.64,0.0041,73.0,55.0
2025-03-07 23:00:00,중구,0.0378,0.0358,0.61,0.0051,66.0,57.0
2025-03-07 22:00:00,강서구,0.0409,0.0312,0.52,0.0077,67.0,41.0
2025-03-07 22:00:00,동대문구,0.0277,0.0492,0.55,0.0043,76.0,54.0
2025-03-07 22:00:00,양천구,0.0411,0.0331,0.61,0.0055,65.0,50.0
2025-03-07 22:00:00,광진구,0.0274,0.0612,0.57,0.0048,59.0,40.0
2025-03-07 22:00:00,강남구,0.0352,0.0406,0.6,0.0043,63.0,48.0
2025-03-07 22:00:00,서대문구,0.0359,0.038,1.0,0.0095,70.0,51.0
2025-03-07 22:00:00,중구,0.025,0.0499,0.51,0.0052,66.0,55.0
2025-03-07 22:00:00,노원구,0.059,0.0108,0.87,0.0044,73.0,52.0
2025-03-07 22:00:00,중랑구,0.0348,0.0436,0.58,0.0044,65.0,48.0
2025-03-07 22:00:00,성동구,0.0284,0.0488,0.55,0.0041,59.0,44.0
2025-03-07 22:00:00,강동구,0.0259,0.0575,0.57,0.0046,64.0,51.0
2025-03-07 22:00:00,종로구,0.0286,0.0525,0.55,0.0047,75.0,58.0
2025-03-07 22:00:00,서초구,0.0253,0.0352,0.53,0.0041,82.0,50.0
2025-03-07 22:00:00,금천구,0.0529,0.0258,0.63,0.0036,75.0,55.0
2025-03-07 22:00:00,은평구,0.0313,0.0333,0.81,0.0043,77.0,44.0
2025-03-07 22:00:00,강북구,0.0191,0.0518,0.51,0.0033,63.0,49.0
2025-03-07 22:00:00,성북구,0.0295,0.0469,0.73,0.0048,66.0,42.0
2025-03-07 22:00:00,용산구,0.0331,0.0397,0.61,0.0058,70.0,52.0
2025-03-07 22:00:00,마포구,0.0347,0.0392,0.53,0.0056,65.0,47.0
2025-03-07 22:00:00,구로구,0.0263,0.0293,0.49,0.0051,82.0,55.0
2025-03-07 22:00:00,동작구,0.0492,0.0359,0.62,0.0037,77.0,59.0
2025-03-07 22:00:00,영등포구,0.031,0.0469,0.53,0.0054,65.0,50.0
2025-03-07 22:00:00,관악구,0.0501,0.0291,0.67,0.0044,81.0,62.0
2025-03-07 22:00:00,도봉구,0.0241,0.0529,0.55,0.0049,67.0,40.0
2025-03-07 22:00:00,송파구,0.042,0.0387,0.59,0.0035,66.0,47.0
2025-03-07 21:00:00,동대문구,0.0267,0.0562,0.53,0.0041,70.0,48.0
2025-03-07 21:00:00,성북구,0.0276,0.0496,0.73,0.0047,63.0,44.0
2025-03-07 21:00:00,도봉구,0.0211,0.062,0.54,0.0051,58.0,35.0
2025-03-07 21:00:00,중랑구,0.0275,0.0474,0.54,0.0043,60.0,46.0
2025-03-07 21:00:00,광진구,0.0226,0.0652,0.51,0.0045,59.0,40.0
2025-03-07 21:00:00,마포구,0.0395,0.0404,0.55,0.0048,71.0,51.0
2025-03-07 21:00:00,서대문구,0.0335,0.0519,0.67,0.0065,69.0,48.0
2025-03-07 21:00:00,관악구,0.0539,0.0348,0.71,0.0037,83.0,67.0
2025-03-07 21:00:00,용산구,0.0317,0.0445,0.65,0.005,71.0,48.0
2025-03-07 21:00:00,동작구,0.0377,0.0527,0.53,0.0033,68.0,51.0
2025-03-07 21:00:00,종로구,0.0271,0.0638,0.54,0.0047,75.0,57.0
2025-03-07 21:00:00,강서구,0.032,0.0401,0.5,0.006,72.0,44.0
2025-03-07 21:00:00,강남구,0.0266,0.0503,0.51,0.0036,64.0,46.0
2025-03-07 21:00:00,성동구,0.0255,0.0553,0.53,0.004,56.0,42.0
2025-03-07 21:00:00,구로구,0.0284,0.0333,0.54,0.0049,82.0,56.0
2025-03-07 21:00:00,송파구,0.0396,0.0416,0.56,0.0036,65.0,46.0
2025-03-07 21:00:00,금천구,0.0469,0.0354,0.59,0.0038,77.0,60.0
2025-03-07 21:00:00,서초구,0.0229,0.0463,0.51,0.0039,77.0,53.0
2025-03-07 21:00:00,강동구,0.024,0.0602,0.56,0.0046,63.0,50.0
2025-03-07 21:00:00,강북구,0.0204,0.0587,0.47,0.0037,61.0,45.0
2025-03-07 21:00:00,노원구,0.0457,0.0271,0.69,0.004,68.0,47.0
2025-03-07 21:00:00,영등포구,0.0453,0.0371,0.64,0.005,69.0,54.0
2025-03-07 21:00:00,은평구,0.0327,0.0385,0.82,0.0049,84.0,51.0
2025-03-07 21:00:00,중구,0.031,0.0525,0.54,0.0051,66.0,59.0
2025-03-07 21:00:00,양천구,0.0482,0.03,0.62,0.0054,72.0,55.0
2025-03-07 20:00:00,용산구,0.0298,0.049,0.59,0.0049,67.0,46.0
2025-03-07 20:00:00,송파구,0.0356,0.0449,0.57,0.0041,64.0,44.0
2025-03-07 20:00:00,중구,0.0299,0.0549,0.55,0.0042,60.0,46.0
2025-03-07 20:00:00,마포구,0.0356,0.0534,0.52,0.0047,69.0,50.0
2025-03-07 20:00:00,금천구,0.0401,0.0623,0.54,0.0046,78.0,54.0
2025-03-07 20:00:00,성북구,0.0224,0.0516,0.69,0.005,57.0,34.0
2025-03-07 20:00:00,서초구,0.0211,0.0543,0.47,0.0038,81.0,50.0
2025-03-07 20:00:00,강북구,0.0227,0.0554,0.51,0.0042,66.0,44.0
2025-03-07 20:00:00,은평구,0.0293,0.0458,0.79,0.0049,81.0,45.0
2025-03-07 20:00:00,관악구,0.0373,0.0488,0.62,0.0039,60.0,48.0
2025-03-07 20:00:00,서대문구,0.0335,0.0559,0.65,0.0058,66.0,45.0
2025-03-07 20:00:00,중랑구,0.0294,0.0448,0.53,0.0049,61.0,47.0
2025-03-07 20:00:00,동대문구,0.021,0.0568,0.5,0.004,62.0,41.0
2025-03-07 20:00:00,광진구,0.0281,0.057,0.57,0.0049,63.0,41.0
2025-03-07 20:00:00,양천구,0.0432,0.0442,0.65,0.0049,75.0,57.0
2025-03-07 20:00:00,강서구,0.0303,0.0475,0.54,0.0048,76.0,48.0
2025-03-07 20:00:00,종로구,0.0272,0.0594,0.56,0.0044,68.0,52.0
2025-03-07 20:00:00,도봉구,0.021,0.0614,0.53,0.0051,54.0,38.0
2025-03-07 20:00:00,구로구,0.0255,0.0448,0.5,0.0045,83.0,58.0
2025-03-07 20:00:00,동작구,0.0276,0.0585,0.46,0.0035,61.0,45.0
2025-03-07 20:00:00,영등포구,0.0359,0.0554,0.59,0.0042,72.0,51.0
2025-03-07 20:00:00,노원구,0.0261,0.047,0.53,0.0039,74.0,52.0
2025-03-07 20:00:00,성동구,0.0278,0.0512,0.54,0.0042,57.0,42.0
2025-03-07 20:00:00,강동구,0.0298,0.051,0.61,0.0052,68.0,51.0
2025-03-07 20:00:00,강남구,0.0326,0.0477,0.55,0.0042,67.0,45.0
2025-03-07 19:00:00,구로구,0.0173,0.0529,0.43,0.0042,69.0,44.0
2025-03-07 19:00:00,동대문구,0.0237,0.0498,0.54,0.0041,67.0,42.0
2025-03-07 19:00:00,송파구,0.0337,0.045,0.58,0.0041,69.0,46.0
2025-03-07 19:00:00,서초구,0.0187,0.052,0.44,0.004,76.0,43.0
2025-03-07 19:00:00,강남구,0.0294,0.0467,0.55,0.0041,68.0,46.0
2025-03-07 19:00:00,은평구,0.023,0.0448,0.75,0.0049,69.0,39.0
2025-03-07 19:00:00,서대문구,0.0242,0.0565,0.57,0.0055,57.0,37.0
2025-03-07 19:00:00,마포구,0.0309,0.059,0.5,0.0045,62.0,44.0
2025-03-07 19:00:00,중구,0.0263,0.0508,0.52,0.0047,61.0,48.0
2025-03-07 19:00:00,노원구,0.0271,0.0479,0.59,0.0041,85.0,59.0
2025-03-07 19:00:00,관악구,0.0219,0.054,0.53,0.0039,56.0,42.0
2025-03-07 19:00:00,중랑구,0.0311,0.0421,0.6,0.0047,72.0,55.0
2025-03-07 19:00:00,강북구,0.0198,0.0584,0.51,0.0044,77.0,52.0
2025-03-07 19:00:00,성동구,0.0287,0.0453,0.57,0.0045,62.0,43.0
2025-03-07 19:00:00,종로구,0.0265,0.0545,0.55,0.0044,70.0,51.0
2025-03-07 19:00:00,도봉구,0.0228,0.0594,0.58,0.0052,61.0,33.0
2025-03-07 19:00:00,강서구,0.0291,0.0632,0.54,0.0052,74.0,45.0
2025-03-07 19:00:00,성북구,0.0254,0.047,0.75,0.005,64.0,37.0
2025-03-07 19:00:00,동작구,0.0238,0.0623,0.49,0.0038,63.0,47.0
2025-03-07 19:00:00,영등포구,0.0309,0.0603,0.52,0.0045,61.0,40.0
2025-03-07 19:00:00,광진구,0.0266,0.0563,0.6,0.0048,67.0,43.0
2025-03-07 19:00:00,양천구,0.0342,0.0611,0.57,0.0039,64.0,49.0
2025-03-07 19:00:00,용산구,0.0276,0.0452,0.59,0.005,61.0,40.0
2025-03-07 19:00:00,금천구,0.03,0.0593,0.51,0.0048,69.0,47.0
2025-03-07 19:00:00,강동구,0.0289,0.0521,0.66,0.005,75.0,49.0
2025-03-07 18:00:00,서초구,0.016,0.0567,0.48,0.0041,76.0,47.0
2025-03-07 18:00:00,도봉구,0.0227,0.0643,0.6,0.0057,75.0,42.0
2025-03-07 18:00:00,서대문구,0.0238,0.0564,0.59,0.0055,66.0,40.0
2025-03-07 18:00:00,중구,0.0252,0.0515,0.57,0.0046,71.0,56.0
2025-03-07 18:00:00,마포구,0.0267,0.0519,0.52,0.0042,61.0,44.0
2025-03-07 18:00:00,강동구,0.0297,0.0561,0.7,0.0054,80.0,65.0
2025-03-07 18:00:00,종로구,0.0275,0.0555,0.63,0.005,84.0,65.0
2025-03-07 18:00:00,강북구,0.0209,0.0609,0.53,0.0045,83.0,58.0
2025-03-07 18:00:00,은평구,0.0223,0.0441,0.77,0.005,70.0,41.0
2025-03-07 18:00:00,동작구,0.0206,0.0654,0.49,0.0038,69.0,52.0
2025-03-07 18:00:00,강서구,0.0218,0.0581,0.48,0.005,66.0,37.0
2025-03-07 18:00:00,용산구,0.0278,0.0458,0.63,0.0057,69.0,50.0
2025-03-07 18:00:00,관악구,0.0208,0.055,0.52,0.0036,62.0,46.0
2025-03-07 18:00:00,영등포구,0.0219,0.0611,0.49,0.0037,62.0,42.0
2025-03-07 18:00:00,중랑구,0.0318,0.0455,0.65,0.0053,77.0,57.0
2025-03-07 18:00:00,광진구,0.0288,0.0606,0.67,0.0052,76.0,55.0
2025-03-07 18:00:00,양천구,0.0243,0.0568,0.5,0.0044,61.0,43.0
2025-03-07 18:00:00,송파구,0.0324,0.0487,0.66,0.0041,70.0,45.0
2025-03-07 18:00:00,구로구,0.0133,0.0539,0.41,0.004,66.0,41.0
2025-03-07 18:00:00,동대문구,0.0242,0.0532,0.59,0.0045,79.0,50.0
2025-03-07 18:00:00,성북구,0.027,0.0491,0.77,0.0054,71.0,46.0
2025-03-07 18:00:00,금천구,0.0242,0.0614,0.49,0.0043,64.0,49.0
2025-03-07 18:00:00,성동구,0.034,0.0453,0.63,0.0046,73.0,49.0
2025-03-07 18:00:00,강남구,0.0289,0.0505,0.62,0.0043,77.0,55.0
2025-03-07 18:00:00,노원구,0.0272,0.051,0.62,0.0045,83.0,59.0
2025-03-07 17:00:00,은평구,0.0232,0.0456,0.82,0.0054,73.0,45.0
2025-03-07 17:00:00,강북구,0.0229,0.0591,0.58,0.0042,75.0,55.0
2025-03-07 17:00:00,서대문구,0.0245,0.0602,0.66,0.0061,77.0,48.0
2025-03-07 17:00:00,종로구,0.0286,0.0576,0.66,0.005,80.0,60.0
2025-03-07 17:00:00,성북구,0.0248,0.0533,0.8,0.0052,72.0,48.0
2025-03-07 17:00:00,중구,0.0276,0.0536,0.66,0.0056,73.0,60.0
2025-03-07 17:00:00,동대문구,0.0243,0.0545,0.61,0.0045,71.0,48.0
2025-03-07 17:00:00,관악구,0.0194,0.0573,0.61,0.0042,74.0,52.0
2025-03-07 17:00:00,강남구,0.0264,0.0532,0.58,0.004,69.0,50.0
2025-03-07 17:00:00,구로구,0.0123,0.0567,0.5,0.0048,80.0,46.0
2025-03-07 17:00:00,금천구,0.0237,0.0598,0.63,0.0046,72.0,53.0
2025-03-07 17:00:00,마포구,0.0259,0.055,0.56,0.0047,74.0,55.0
2025-03-07 17:00:00,동작구,0.0,0.0,0.0,0.0,0.0,0.0
2025-03-07 17:00:00,영등포구,0.0223,0.0645,0.6,0.0045,76.0,53.0
2025-03-07 17:00:00,용산구,0.0279,0.05,0.69,0.0065,76.0,46.0
2025-03-07 17:00:00,강서구,0.0213,0.0584,0.54,0.0044,77.0,48.0
2025-03-07 17:00:00,양천구,0.0222,0.0599,0.57,0.0043,74.0,58.0
2025-03-07 17:00:00,서초구,0.0181,0.056,0.55,0.0044,98.0,50.0
2025-03-07 17:00:00,송파구,0.0219,0.0552,0.45,0.0031,60.0,42.0
2025-03-07 17:00:00,도봉구,0.0231,0.0635,0.62,0.0054,70.0,43.0
2025-03-07 17:00:00,노원구,0.0256,0.0499,0.56,0.0035,77.0,57.0
2025-03-07 17:00:00,성동구,0.0285,0.051,0.62,0.0044,63.0,46.0
2025-03-07 17:00:00,중랑구,0.0256,0.0468,0.49,0.0039,64.0,47.0
2025-03-07 17:00:00,강동구,0.0181,0.0623,0.48,0.0038,59.0,47.0
2025-03-07 17:00:00,광진구,0.0239,0.0623,0.55,0.0043,58.0,39.0
2025-03-07 16:00:00,영등포구,0.0235,0.0628,0.7,0.005,74.0,58.0
2025-03-07 16:00:00,관악구,0.0223,0.055,0.64,0.0048,67.0,48.0
2025-03-07 16:00:00,구로구,0.0141,0.0547,0.56,0.0053,93.0,61.0
2025-03-07 16:00:00,용산구,0.0239,0.0469,0.56,0.0049,64.0,34.0
2025-03-07 16:00:00,강서구,0.0222,0.0598,0.62,0.0057,81.0,54.0
2025-03-07 16:00:00,송파구,0.0183,0.0547,0.4,0.0033,56.0,38.0
2025-03-07 16:00:00,도봉구,0.0236,0.0573,0.55,0.0043,67.0,44.0
2025-03-07 16:00:00,은평구,0.0221,0.0462,0.86,0.0051,75.0,43.0
2025-03-07 16:00:00,강북구,0.0236,0.053,0.52,0.0037,73.0,50.0
2025-03-07 16:00:00,중랑구,0.0267,0.0436,0.46,0.0037,71.0,54.0
2025-03-07 16:00:00,강남구,0.0194,0.0523,0.41,0.0029,64.0,41.0
2025-03-07 16:00:00,금천구,0.0217,0.0614,0.67,0.0048,75.0,51.0
2025-03-07 16:00:00,서대문구,0.0232,0.0593,0.69,0.0058,69.0,44.0
2025-03-07 16:00:00,동작구,0.0,0.0,0.0,0.0,0.0,0.0
2025-03-07 16:00:00,종로구,0.0237,0.0564,0.52,0.0039,72.0,50.0
2025-03-07 16:00:00,성북구,0.0254,0.0473,0.68,0.0041,62.0,37.0
2025-03-07 16:00:00,동대문구,0.0184,0.053,0.46,0.0034,65.0,43.0
2025-03-07 16:00:00,강동구,0.0182,0.0595,0.5,0.0037,64.0,46.0
2025-03-07 16:00:00,성동구,0.0197,0.0512,0.43,0.0035,54.0,39.0
2025-03-07 16:00:00,서초구,0.0171,0.0514,0.47,0.0036,78.0,48.0
2025-03-07 16:00:00,노원구,0.0288,0.0435,0.51,0.0032,86.0,61.0
2025-03-07 16:00:00,중구,0.0267,0.0507,0.61,0.0043,68.0,52.0
2025-03-07 16:00:00,광진구,0.0181,0.0633,0.43,0.0033,56.0,37.0
2025-03-07 16:00:00,양천구,0.0235,0.0612,0.69,0.0052,80.0,63.0
2025-03-07 16:00:00,마포구,0.0243,0.0583,0.67,0.0052,77.0,54.0
2025-03-07 15:00:00,동작구,0.0,0.0,0.0,0.0,0.0,0.0
2025-03-07 15:00:00,서초구,0.0161,0.0499,0.38,0.0032,66.0,39.0
2025-03-07 15:00:00,강남구,0.0254,0.0446,0.48,0.0029,74.0,51.0
2025-03-07 15:00:00,광진구,0.0217,0.0583,0.5,0.0034,65.0,48.0
2025-03-07 15:00:00,중랑구,0.0296,0.0401,0.53,0.0034,77.0,62.0
2025-03-07 15:00:00,동대문구,0.0224,0.0476,0.48,0.0032,73.0,50.0
2025-03-07 15:00:00,성동구,0.0236,0.0459,0.47,0.0037,68.0,32.0
2025-03-07 15:00:00,노원구,0.0295,0.0417,0.53,0.0028,81.0,59.0
2025-03-07 15:00:00,관악구,0.0195,0.0516,0.5,0.0029,57.0,41.0
2025-03-07 15:00:00,송파구,0.0189,0.052,0.43,0.003,66.0,50.0
2025-03-07 15:00:00,강서구,0.0202,0.0605,0.69,0.0057,75.0,49.0
2025-03-07 15:00:00,서대문구,0.0216,0.0553,0.65,0.005,68.0,43.0
2025-03-07 15:00:00,중구,0.0234,0.0482,0.49,0.0039,70.0,55.0
2025-03-07 15:00:00,강북구,0.0289,0.0464,0.51,0.0035,82.0,55.0
2025-03-07 15:00:00,영등포구,0.0248,0.0578,0.7,0.0051,71.0,53.0
2025-03-07 15:00:00,종로구,0.0256,0.051,0.5,0.0038,73.0,57.0
2025-03-07 15:00:00,구로구,0.0157,0.0511,0.63,0.0058,92.0,60.0
2025-03-07 15:00:00,마포구,0.0235,0.0544,0.62,0.0045,72.0,50.0
2025-03-07 15:00:00,성북구,0.0278,0.0425,0.71,0.0038,78.0,47.0
2025-03-07 15:00:00,금천구,0.0227,0.0573,0.48,0.0044,66.0,49.0
2025-03-07 15:00:00,용산구,0.0204,0.0454,0.44,0.0041,60.0,34.0
2025-03-07 15:00:00,도봉구,0.0293,0.0494,0.58,0.0042,79.0,47.0
2025-03-07 15:00:00,은평구,0.021,0.043,0.81,0.0043,76.0,41.0
2025-03-07 15:00:00,양천구,0.0252,0.0579,0.78,0.0058,77.0,57.0
2025-03-07 15:00:00,강동구,0.0219,0.0535,0.57,0.0038,68.0,55.0
2025-03-07 14:00:00,마포구,0.0218,0.0523,0.57,0.004,75.0,52.0
2025-03-07 14:00:00,동작구,0.0147,0.0599,0.38,0.003,57.0,39.0
2025-03-07 14:00:00,강남구,0.0289,0.0373,0.53,0.0026,79.0,55.0
2025-03-07 14:00:00,중구,0.0311,0.0394,0.53,0.0039,75.0,60.0
2025-03-07 14:00:00,강동구,0.0,0.0,0.0,0.0,81.0,56.0
2025-03-07 14:00:00,종로구,0.0311,0.0432,0.54,0.0038,82.0,62.0
2025-03-07 14:00:00,강북구,0.0302,0.043,0.54,0.0037,85.0,59.0
2025-03-07 14:00:00,은평구,0.0244,0.0388,0.8,0.004,76.0,46.0
2025-03-07 14:00:00,강서구,0.0185,0.0573,0.71,0.0057,75.0,47.0
2025-03-07 14:00:00,용산구,0.0274,0.0385,0.5,0.0038,79.0,46.0
2025-03-07 14:00:00,관악구,0.0207,0.0479,0.49,0.0033,63.0,44.0
2025-03-07 14:00:00,영등포구,0.0216,0.0551,0.61,0.004,66.0,48.0
2025-03-07 14:00:00,광진구,0.0246,0.0541,0.55,0.0035,74.0,54.0
2025-03-07 14:00:00,양천구,0.019,0.0562,0.64,0.0047,61.0,50.0
2025-03-07 14:00:00,구로구,0.0142,0.0479,0.59,0.0052,82.0,55.0
2025-03-07 14:00:00,송파구,0.0259,0.0432,0.5,0.0033,81.0,59.0
2025-03-07 14:00:00,금천구,0.0212,0.0529,0.62,0.0039,70.0,49.0
2025-03-07 14:00:00,성북구,0.0317,0.038,0.73,0.0037,76.0,50.0
2025-03-07 14:00:00,노원구,0.0241,0.0449,0.49,0.003,83.0,60.0
2025-03-07 14:00:00,성동구,0.0,0.0,0.0,0.0,71.0,0.0
2025-03-07 14:00:00,중랑구,0.0296,0.0388,0.53,0.004,75.0,58.0
2025-03-07 14:00:00,도봉구,0.0268,0.0499,0.58,0.0043,69.0,43.0
2025-03-07 14:00:00,서초구,0.0226,0.0396,0.43,0.0032,81.0,49.0
2025-03-07 14:00:00,서대문구,0.0267,0.0476,0.65,0.0045,73.0,49.0
2025-03-07 14:00:00,동대문구,0.0268,0.042,0.51,0.0033,81.0,56.0
2025-03-07 13:00:00,성동구,0.0,0.0,0.0,0.0,74.0,0.0
2025-03-07 13:00:00,동작구,0.0223,0.0503,0.45,0.0032,84.0,58.0
2025-03-07 13:00:00,중랑구,0.0268,0.0385,0.53,0.0034,83.0,66.0
2025-03-07 13:00:00,동대문구,0.0302,0.0364,0.57,0.0037,88.0,59.0
2025-03-07 13:00:00,마포구,0.0308,0.0409,0.52,0.0034,80.0,56.0
2025-03-07 13:00:00,노원구,0.0242,0.0431,0.52,0.0031,89.0,69.0
2025-03-07 13:00:00,성북구,0.0307,0.0362,0.78,0.0037,86.0,49.0
2025-03-07 13:00:00,금천구,0.024,0.0469,0.73,0.0038,88.0,71.0
2025-03-07 13:00:00,송파구,0.027,0.04,0.52,0.0033,96.0,63.0
2025-03-07 13:00:00,구로구,0.015,0.043,0.51,0.0041,88.0,53.0
2025-03-07 13:00:00,양천구,0.0225,0.0518,0.73,0.0045,83.0,60.0
2025-03-07 13:00:00,광진구,0.0254,0.0509,0.58,0.0036,78.0,54.0
2025-03-07 13:00:00,영등포구,0.027,0.0479,0.54,0.0035,71.0,57.0
2025-03-07 13:00:00,관악구,0.0249,0.0421,0.48,0.0034,68.0,53.0
2025-03-07 13:00:00,서대문구,0.03,0.041,0.65,0.0043,75.0,47.0
2025-03-07 13:00:00,용산구,0.0341,0.0302,0.58,0.004,92.0,53.0
2025-03-07 13:00:00,강서구,0.0209,0.0562,1.05,0.0067,89.0,56.0
2025-03-07 13:00:00,은평구,0.0311,0.0317,0.8,0.0038,84.0,49.0
2025-03-07 13:00:00,강북구,0.0333,0.0384,0.59,0.0037,86.0,62.0
2025-03-07 13:00:00,종로구,0.0322,0.0401,0.56,0.0037,84.0,64.0
2025-03-07 13:00:00,강동구,0.0,0.0,0.0,0.0,92.0,75.0
2025-03-07 13:00:00,중구,0.0357,0.0309,0.61,0.0042,82.0,67.0
2025-03-07 13:00:00,강남구,0.0308,0.0295,0.56,0.003,85.0,54.0
2025-03-07 13:00:00,서초구,0.023,0.0331,0.5,0.0032,92.0,57.0
2025-03-07 13:00:00,도봉구,0.0291,0.0453,0.61,0.0045,80.0,45.0
2025-03-07 12:00:00,마포구,0.0397,0.0274,0.61,0.0034,84.0,56.0
2025-03-07 12:00:00,강남구,0.0353,0.0294,0.57,0.0032,84.0,57.0
2025-03-07 12:00:00,강동구,0.0275,0.0352,0.75,0.0037,87.0,67.0
2025-03-07 12:00:00,강북구,0.0366,0.0307,0.6,0.0033,87.0,62.0
2025-03-07 12:00:00,강서구,0.0318,0.0388,0.57,0.0036,91.0,56.0
2025-03-07 12:00:00,관악구,0.0347,0.0317,0.58,0.0032,76.0,55.0
2025-03-07 12:00:00,광진구,0.031,0.0375,0.64,0.0034,78.0,52.0
2025-03-07 12:00:00,구로구,0.0201,0.0337,0.46,0.0035,94.0,56.0
2025-03-07 12:00:00,금천구,0.0334,0.0342,0.55,0.0034,91.0,70.0
2025-03-07 12:00:00,노원구,0.0238,0.0383,0.53,0.0032,89.0,67.0
2025-03-07 12:00:00,도봉구,0.0306,0.0374,0.64,0.0043,81.0,49.0
2025-03-07 12:00:00,동대문구,0.0355,0.0291,0.61,0.0031,89.0,60.0
2025-03-07 12:00:00,동작구,0.0327,0.0352,0.54,0.0031,89.0,62.0
2025-03-07 12:00:00,서대문구,0.0333,0.0345,0.71,0.0044,79.0,52.0
2025-03-07 12:00:00,서초구,0.0314,0.0217,0.55,0.0032,102.0,66.0
2025-03-07 12:00:00,성동구,0.0307,0.0337,0.54,0.0035,75.0,49.0
2025-03-07 12:00:00,성북구,0.0332,0.0316,0.79,0.0037,82.0,52.0
2025-03-07 12:00:00,송파구,0.0,0.0,0.0,0.0,58.0,0.0
2025-03-07 12:00:00,양천구,0.0356,0.0355,0.63,0.0038,81.0,62.0
2025-03-07 12:00:00,영등포구,0.0375,0.0321,0.59,0.0036,75.0,58.0
2025-03-07 12:00:00,용산구,0.0361,0.0267,0.63,0.0039,83.0,62.0
2025-03-07 12:00:00,은평구,0.0315,0.0288,0.81,0.0037,91.0,52.0
2025-03-07 12:00:00,종로구,0.0326,0.0373,0.58,0.0039,83.0,66.0
2025-03-07 12:00:00,중구,0.0382,0.0252,0.65,0.0033,74.0,63.0
2025-03-07 12:00:00,중랑구,0.0278,0.033,0.55,0.0037,80.0,64.0
2025-03-07 11:00:00,강남구,0.0473,0.0156,0.66,0.003,80.0,53.0
2025-03-07 11:00:00,동대문구,0.0379,0.0228,0.63,0.003,81.0,55.0
2025-03-07 11:00:00,송파구,0.0,0.0,0.0,0.0,67.0,0.0
2025-03-07 11:00:00,서초구,0.0306,0.0167,0.6,0.0031,96.0,61.0
2025-03-07 11:00:00,중구,0.0423,0.0188,0.77,0.0035,74.0,65.0
2025-03-07 11:00:00,영등포구,0.0483,0.0184,0.69,0.0029,74.0,57.0
2025-03-07 11:00:00,금천구,0.0342,0.0315,0.59,0.0034,89.0,67.0
2025-03-07 11:00:00,은평구,0.0338,0.0238,0.83,0.0037,86.0,51.0
2025-03-07 11:00:00,성북구,0.0404,0.0177,0.87,0.0036,77.0,54.0
2025-03-07 11:00:00,마포구,0.04,0.0237,0.63,0.0034,83.0,55.0
2025-03-07 11:00:00,구로구,0.0254,0.0234,0.55,0.0033,83.0,64.0
2025-03-07 11:00:00,강북구,0.0352,0.0267,0.61,0.0032,88.0,67.0
2025-03-07 11:00:00,중랑구,0.0286,0.0251,0.56,0.003,76.0,60.0
2025-03-07 11:00:00,서대문구,0.0356,0.0273,0.76,0.0046,77.0,51.0
2025-03-07 11:00:00,동작구,0.0335,0.0287,0.55,0.003,85.0,60.0
2025-03-07 11:00:00,노원구,0.0252,0.0326,0.54,0.0031,84.0,66.0
2025-03-07 11:00:00,종로구,0.044,0.0214,0.68,0.0036,85.0,64.0
2025-03-07 11:00:00,용산구,0.0409,0.0186,0.66,0.0041,82.0,54.0
2025-03-07 11:00:00,양천구,0.0469,0.0203,0.71,0.003,81.0,59.0
2025-03-07 11:00:00,성동구,0.0366,0.0242,0.59,0.0031,75.0,47.0
2025-03-07 11:00:00,광진구,0.0383,0.0244,0.7,0.0034,70.0,50.0
2025-03-07 11:00:00,강동구,0.0299,0.0264,0.75,0.0035,83.0,58.0
2025-03-07 11:00:00,강서구,0.0467,0.0219,0.7,0.0034,84.0,55.0
2025-03-07 11:00:00,관악구,0.0425,0.0205,0.64,0.003,68.0,51.0
2025-03-07 11:00:00,도봉구,0.0318,0.0296,0.65,0.004,78.0,48.0
2025-03-07 10:00:00,성북구,0.0435,0.0103,0.91,0.0036,72.0,51.0
2025-03-07 10:00:00,구로구,0.0311,0.0136,0.63,0.0032,90.0,59.0
2025-03-07 10:00:00,서대문구,0.0395,0.0183,0.84,0.0048,76.0,51.0
2025-03-07 10:00:00,양천구,0.0516,0.0121,0.76,0.0032,71.0,55.0
2025-03-07 10:00:00,관악구,0.048,0.0143,0.71,0.0029,64.0,51.0
2025-03-07 10:00:00,동대문구,0.039,0.0164,0.62,0.0029,75.0,56.0
2025-03-07 10:00:00,강동구,0.0363,0.0173,0.81,0.0035,80.0,55.0
2025-03-07 10:00:00,중구,0.053,0.0064,0.81,0.0032,74.0,58.0
2025-03-07 10:00:00,영등포구,0.0524,0.0116,0.72,0.003,66.0,54.0
2025-03-07 10:00:00,서초구,0.0306,0.0137,0.61,0.0029,87.0,54.0
2025-03-07 10:00:00,도봉구,0.0342,0.0214,0.67,0.0039,72.0,52.0
2025-03-07 10:00:00,성동구,0.0452,0.0106,0.66,0.0032,70.0,46.0
2025-03-07 10:00:00,강남구,0.048,0.0103,0.64,0.0024,71.0,53.0
2025-03-07 10:00:00,종로구,0.044,0.015,0.69,0.0033,79.0,58.0
2025-03-07 10:00:00,노원구,0.0292,0.0254,0.57,0.0028,78.0,56.0
2025-03-07 10:00:00,광진구,0.0428,0.0155,0.74,0.0034,66.0,45.0
2025-03-07 10:00:00,강북구,0.0403,0.0173,0.7,0.0031,82.0,62.0
2025-03-07 10:00:00,중랑구,0.0355,0.0158,0.65,0.0029,69.0,54.0
2025-03-07 10:00:00,용산구,0.0429,0.012,0.68,0.0035,74.0,53.0
2025-03-07 10:00:00,은평구,0.0343,0.0201,0.86,0.0035,78.0,44.0
2025-03-07 10:00:00,금천구,0.0412,0.0182,0.7,0.0031,80.0,58.0
2025-03-07 10:00:00,동작구,0.0449,0.0145,0.66,0.0029,76.0,55.0
2025-03-07 10:00:00,마포구,0.047,0.0136,0.68,0.0035,78.0,55.0
2025-03-07 10:00:00,강서구,0.0468,0.017,0.76,0.003,76.0,46.0
2025-03-07 10:00:00,송파구,0.0402,0.0156,0.61,0.0034,69.0,46.0
2025-03-07 09:00:00,종로구,0.0518,0.0073,0.79,0.0029,72.0,56.0
2025-03-07 09:00:00,서초구,0.0355,0.0082,0.65,0.0028,72.0,50.0
2025-03-07 09:00:00,구로구,0.0319,0.0081,0.58,0.0028,82.0,58.0
2025-03-07 09:00:00,노원구,0.0534,0.0074,0.83,0.0036,80.0,58.0
2025-03-07 09:00:00,은평구,0.047,0.008,1.07,0.0033,63.0,41.0
2025-03-07 09:00:00,성북구,0.0446,0.0079,0.93,0.0035,68.0,46.0
2025-03-07 09:00:00,중랑구,0.047,0.0057,0.86,0.0029,66.0,50.0
2025-03-07 09:00:00,송파구,0.0434,0.0079,0.62,0.0029,61.0,45.0
2025-03-07 09:00:00,도봉구,0.0448,0.0118,0.81,0.0037,68.0,46.0
2025-03-07 09:00:00,마포구,0.0609,0.0057,0.78,0.0033,67.0,49.0
2025-03-07 09:00:00,관악구,0.0584,0.0078,0.84,0.0027,63.0,48.0
2025-03-07 09:00:00,강동구,0.0496,0.0046,0.96,0.0035,71.0,56.0
2025-03-07 09:00:00,동작구,0.0514,0.0066,0.73,0.0024,71.0,50.0
2025-03-07 09:00:00,중구,0.058,0.0026,0.92,0.0034,66.0,54.0
2025-03-07 09:00:00,강북구,0.0378,0.0177,0.76,0.0027,71.0,46.0
2025-03-07 09:00:00,금천구,0.0447,0.0087,0.75,0.0028,76.0,58.0
2025-03-07 09:00:00,동대문구,0.0469,0.0073,0.74,0.0027,68.0,46.0
2025-03-07 09:00:00,서대문구,0.046,0.0102,1.09,0.006,61.0,43.0
2025-03-07 09:00:00,영등포구,0.0514,0.0104,0.71,0.003,61.0,48.0
2025-03-07 09:00:00,성동구,0.045,0.0068,0.6,0.0024,64.0,42.0
2025-03-07 09:00:00,광진구,0.0457,0.0093,0.73,0.0033,58.0,43.0
2025-03-07 09:00:00,용산구,0.0483,0.0063,0.74,0.0033,66.0,46.0
2025-03-07 09:00:00,강서구,0.046,0.0157,0.66,0.0032,70.0,46.0
2025-03-07 09:00:00,양천구,0.0496,0.0097,0.73,0.003,66.0,50.0
2025-03-07 09:00:00,강남구,0.0502,0.0063,0.7,0.0027,65.0,48.0
2025-03-07 08:00:00,서대문구,0.0509,0.0046,0.97,0.005,60.0,37.0
2025-03-07 08:00:00,중랑구,0.0481,0.0056,0.8,0.0027,61.0,47.0
2025-03-07 08:00:00,도봉구,0.0331,0.022,0.66,0.0036,66.0,41.0
2025-03-07 08:00:00,영등포구,0.056,0.0042,0.69,0.0028,59.0,47.0
2025-03-07 08:00:00,강북구,0.0225,0.0255,0.6,0.0023,68.0,48.0
2025-03-07 08:00:00,마포구,0.0613,0.0037,0.68,0.0025,63.0,47.0
2025-03-07 08:00:00,성동구,0.0475,0.003,0.64,0.0022,57.0,38.0
2025-03-07 08:00:00,양천구,0.0549,0.0048,0.76,0.0025,69.0,52.0
2025-03-07 08:00:00,노원구,0.0595,0.0034,0.93,0.0038,87.0,67.0
2025-03-07 08:00:00,종로구,0.0563,0.0046,0.78,0.0027,73.0,54.0
2025-03-07 08:00:00,송파구,0.0479,0.0027,0.71,0.0029,61.0,41.0
2025-03-07 08:00:00,관악구,0.0611,0.0041,0.79,0.0031,61.0,45.0
2025-03-07 08:00:00,성북구,0.0435,0.0085,0.91,0.0033,65.0,43.0
2025-03-07 08:00:00,용산구,0.0516,0.0031,0.73,0.0032,62.0,40.0
2025-03-07 08:00:00,강서구,0.0612,0.0044,0.79,0.0033,69.0,49.0
2025-03-07 08:00:00,강남구,0.0539,0.0027,0.74,0.0028,59.0,42.0
2025-03-07 08:00:00,금천구,0.05,0.0049,0.69,0.0026,79.0,56.0
2025-03-07 08:00:00,광진구,0.0496,0.0056,0.73,0.0031,59.0,39.0
2025-03-07 08:00:00,강동구,0.0463,0.004,0.93,0.0032,59.0,51.0
2025-03-07 08:00:00,구로구,0.0357,0.0041,0.58,0.0026,73.0,52.0
2025-03-07 08:00:00,동대문구,0.052,0.0047,0.72,0.003,68.0,47.0
2025-03-07 08:00:00,중구,0.0572,0.0004,0.83,0.0031,63.0,51.0
2025-03-07 08:00:00,동작구,0.0567,0.0036,0.79,0.0024,68.0,52.0
2025-03-07 08:00:00,서초구,0.0455,0.0028,0.77,0.0028,69.0,49.0
2025-03-07 08:00:00,은평구,0.0409,0.01,0.85,0.0031,64.0,38.0
2025-03-07 07:00:00,구로구,0.0399,0.002,0.59,0.0028,70.0,51.0
2025-03-07 07:00:00,성동구,0.0484,0.0017,0.69,0.0021,54.0,37.0
2025-03-07 07:00:00,은평구,0.0306,0.0162,0.74,0.003,62.0,36.0
2025-03-07 07:00:00,마포구,0.0478,0.0121,0.54,0.0023,59.0,44.0
2025-03-07 07:00:00,도봉구,0.0326,0.0212,0.64,0.0034,61.0,33.0
2025-03-07 07:00:00,금천구,0.0552,0.0018,0.84,0.0028,67.0,47.0
2025-03-07 07:00:00,중구,0.0501,0.0042,0.65,0.0028,59.0,52.0
2025-03-07 07:00:00,강북구,0.0205,0.0289,0.61,0.0021,66.0,47.0
2025-03-07 07:00:00,광진구,0.0461,0.0062,0.66,0.0029,58.0,40.0
2025-03-07 07:00:00,동대문구,0.0459,0.009,0.64,0.0021,70.0,45.0
2025-03-07 07:00:00,종로구,0.0528,0.006,0.73,0.0024,69.0,54.0
2025-03-07 07:00:00,강동구,0.0422,0.0041,0.8,0.0029,60.0,47.0
2025-03-07 07:00:00,서초구,0.0359,0.0047,0.63,0.0025,74.0,46.0
2025-03-07 07:00:00,양천구,0.0631,0.0016,0.78,0.0026,69.0,53.0
2025-03-07 07:00:00,용산구,0.0539,0.0019,0.71,0.0029,62.0,41.0
2025-03-07 07:00:00,송파구,0.046,0.0029,0.62,0.0028,59.0,39.0
2025-03-07 07:00:00,성북구,0.0472,0.0051,0.89,0.0034,60.0,43.0
2025-03-07 07:00:00,영등포구,0.0532,0.0077,0.62,0.0025,59.0,47.0
2025-03-07 07:00:00,노원구,0.0532,0.0048,0.82,0.0033,77.0,60.0
2025-03-07 07:00:00,서대문구,0.0433,0.0085,0.91,0.0054,60.0,38.0
2025-03-07 07:00:00,중랑구,0.0346,0.0132,0.67,0.0028,62.0,50.0
2025-03-07 07:00:00,관악구,0.0546,0.0064,0.72,0.0021,58.0,46.0
2025-03-07 07:00:00,강서구,0.0398,0.0134,0.61,0.0029,70.0,45.0
2025-03-07 07:00:00,동작구,0.056,0.0036,0.73,0.002,68.0,51.0
2025-03-07 07:00:00,강남구,0.05,0.0019,0.64,0.0023,58.0,44.0
2025-03-07 06:00:00,광진구,0.0407,0.01,0.65,0.0029,57.0,41.0
2025-03-07 06:00:00,영등포구,0.0408,0.0232,0.52,0.0027,58.0,47.0
2025-03-07 06:00:00,마포구,0.0488,0.0092,0.57,0.0024,57.0,46.0
2025-03-07 06:00:00,서대문구,0.0282,0.022,0.95,0.0074,57.0,40.0
2025-03-07 06:00:00,동대문구,0.0434,0.0091,0.66,0.0026,69.0,44.0
2025-03-07 06:00:00,중랑구,0.0397,0.0096,0.68,0.0026,63.0,47.0
2025-03-07 06:00:00,강동구,0.0365,0.0068,0.76,0.0029,60.0,53.0
2025-03-07 06:00:00,서초구,0.0278,0.0146,0.51,0.0024,73.0,44.0
2025-03-07 06:00:00,도봉구,0.0327,0.0206,0.64,0.0035,62.0,40.0
2025-03-07 06:00:00,중구,0.0362,0.013,0.6,0.0028,59.0,52.0
2025-03-07 06:00:00,강북구,0.0168,0.0317,0.53,0.0021,64.0,48.0
2025-03-07 06:00:00,동작구,0.0437,0.014,0.57,0.002,67.0,51.0
2025-03-07 06:00:00,성동구,0.0466,0.0031,0.66,0.0021,56.0,37.0
2025-03-07 06:00:00,노원구,0.0393,0.0144,0.73,0.003,72.0,51.0
2025-03-07 06:00:00,종로구,0.0542,0.0061,0.75,0.0026,69.0,53.0
2025-03-07 06:00:00,강서구,0.0321,0.02,0.59,0.0025,69.0,46.0
2025-03-07 06:00:00,성북구,0.0411,0.0099,0.85,0.0032,67.0,39.0
2025-03-07 06:00:00,금천구,0.0471,0.0075,1.26,0.002,61.0,48.0
2025-03-07 06:00:00,은평구,0.0179,0.0264,0.7,0.0029,58.0,36.0
2025-03-07 06:00:00,송파구,0.0408,0.0076,0.57,0.0025,61.0,44.0
2025-03-07 06:00:00,관악구,0.0474,0.0116,0.66,0.0024,58.0,46.0
2025-03-07 06:00:00,구로구,0.0347,0.0089,0.53,0.0025,69.0,48.0
2025-03-07 06:00:00,용산구,0.0474,0.0071,0.67,0.0028,61.0,44.0
2025-03-07 06:00:00,양천구,0.0451,0.0144,0.63,0.0021,67.0,52.0
2025-03-07 06:00:00,강남구,0.0451,0.0047,0.61,0.0023,61.0,44.0
2025-03-07 05:00:00,송파구,0.0392,0.0111,0.63,0.0026,64.0,42.0
2025-03-07 05:00:00,동작구,0.0403,0.018,0.57,0.002,67.0,50.0
2025-03-07 05:00:00,서대문구,0.0215,0.0294,0.97,0.0077,59.0,41.0
2025-03-07 05:00:00,동대문구,0.0503,0.0071,0.75,0.0024,70.0,44.0
2025-03-07 05:00:00,서초구,0.0227,0.0207,0.49,0.0025,69.0,48.0
2025-03-07 05:00:00,도봉구,0.0285,0.0256,0.64,0.0034,55.0,39.0
2025-03-07 05:00:00,성동구,0.0446,0.0078,0.65,0.002,55.0,40.0
2025-03-07 05:00:00,노원구,0.0318,0.0201,0.61,0.0029,80.0,65.0
2025-03-07 05:00:00,성북구,0.0426,0.0087,0.84,0.0032,59.0,41.0
2025-03-07 05:00:00,금천구,0.0472,0.007,1.08,0.0026,62.0,48.0
2025-03-07 05:00:00,양천구,0.039,0.0199,0.64,0.0023,65.0,51.0
2025-03-07 05:00:00,구로구,0.0225,0.0233,0.48,0.0026,69.0,50.0
2025-03-07 05:00:00,영등포구,0.0258,0.0298,0.53,0.0022,58.0,45.0
2025-03-07 05:00:00,광진구,0.0391,0.0128,0.64,0.0026,60.0,43.0
2025-03-07 05:00:00,용산구,0.0401,0.0132,0.64,0.0029,60.0,43.0
2025-03-07 05:00:00,강남구,0.0463,0.0085,0.63,0.0026,62.0,45.0
2025-03-07 05:00:00,관악구,0.0439,0.015,0.69,0.0021,59.0,46.0
2025-03-07 05:00:00,은평구,0.0143,0.0279,0.69,0.0029,53.0,35.0
2025-03-07 05:00:00,강서구,0.0335,0.0217,0.55,0.003,67.0,44.0
2025-03-07 05:00:00,종로구,0.0426,0.0144,0.69,0.0023,68.0,53.0
2025-03-07 05:00:00,강북구,0.0133,0.0365,0.47,0.0023,64.0,46.0
2025-03-07 05:00:00,중구,0.0465,0.0167,0.61,0.0029,58.0,51.0
2025-03-07 05:00:00,강동구,0.0371,0.0111,0.8,0.0031,61.0,42.0
2025-03-07 05:00:00,중랑구,0.0345,0.0147,0.68,0.0026,63.0,49.0
2025-03-07 05:00:00,마포구,0.0303,0.0246,0.56,0.0023,58.0,46.0
2025-03-07 04:00:00,양천구,0.0311,0.03,0.56,0.0025,62.0,50.0
2025-03-07 04:00:00,금천구,0.0366,0.0172,0.59,0.0021,60.0,52.0
2025-03-07 04:00:00,노원구,0.031,0.0221,0.66,0.0031,80.0,62.0
2025-03-07 04:00:00,송파구,0.0417,0.0127,0.65,0.0025,65.0,40.0
2025-03-07 04:00:00,종로구,0.024,0.0348,0.56,0.0023,66.0,52.0
2025-03-07 04:00:00,중구,0.0272,0.028,0.54,0.0027,62.0,50.0
2025-03-07 04:00:00,동대문구,0.0307,0.0251,0.64,0.0023,68.0,46.0
2025-03-07 04:00:00,영등포구,0.0278,0.0312,0.52,0.0025,59.0,45.0
2025-03-07 04:00:00,은평구,0.0138,0.0298,0.67,0.0029,55.0,37.0
2025-03-07 04:00:00,마포구,0.0272,0.0284,0.55,0.0024,62.0,43.0
2025-03-07 04:00:00,성동구,0.0371,0.0202,0.63,0.0024,60.0,41.0
2025-03-07 04:00:00,관악구,0.0359,0.0231,0.62,0.0022,59.0,44.0
2025-03-07 04:00:00,서초구,0.0173,0.033,0.46,0.0027,78.0,44.0
2025-03-07 04:00:00,강동구,0.0495,0.0041,0.88,0.0032,64.0,50.0
2025-03-07 04:00:00,광진구,0.0389,0.017,0.64,0.0029,63.0,45.0
2025-03-07 04:00:00,구로구,0.0175,0.0311,0.47,0.0028,72.0,48.0
2025-03-07 04:00:00,강남구,0.0293,0.0263,0.58,0.0022,65.0,47.0
2025-03-07 04:00:00,서대문구,0.0218,0.0298,0.95,0.0069,57.0,39.0
2025-03-07 04:00:00,강북구,0.0157,0.034,0.5,0.0025,65.0,47.0
2025-03-07 04:00:00,성북구,0.0377,0.0136,0.83,0.0034,58.0,40.0
2025-03-07 04:00:00,동작구,0.0384,0.0206,0.61,0.0022,64.0,48.0
2025-03-07 04:00:00,강서구,0.0251,0.0325,0.5,0.0027,71.0,44.0
2025-03-07 04:00:00,중랑구,0.0337,0.0151,0.7,0.0025,64.0,50.0
2025-03-07 04:00:00,도봉구,0.0249,0.0312,0.63,0.0035,61.0,38.0
2025-03-07 04:00:00,용산구,0.0352,0.0202,0.65,0.003,59.0,46.0
2025-03-07 03:00:00,구로구,0.0131,0.0383,0.42,0.0029,74.0,50.0
2025-03-07 03:00:00,성북구,0.0365,0.0156,0.87,0.0035,59.0,41.0
2025-03-07 03:00:00,강동구,0.0482,0.0095,0.86,0.0032,68.0,51.0
2025-03-07 03:00:00,강북구,0.013,0.0378,0.5,0.0023,66.0,45.0
2025-03-07 03:00:00,종로구,0.0203,0.0396,0.55,0.0024,68.0,52.0
2025-03-07 03:00:00,성동구,0.0334,0.0251,0.6,0.0024,58.0,38.0
2025-03-07 03:00:00,양천구,0.0225,0.0393,0.53,0.0027,67.0,51.0
2025-03-07 03:00:00,금천구,0.031,0.0244,0.56,0.0026,61.0,47.0
2025-03-07 03:00:00,강남구,0.0263,0.0306,0.58,0.0022,63.0,46.0
2025-03-07 03:00:00,영등포구,0.0288,0.038,0.5,0.0026,59.0,47.0
2025-03-07 03:00:00,마포구,0.0267,0.0319,0.53,0.0022,61.0,44.0
2025-03-07 03:00:00,동대문구,0.0254,0.0315,0.59,0.0022,70.0,47.0
2025-03-07 03:00:00,관악구,0.0339,0.0263,0.59,0.0022,60.0,44.0
2025-03-07 03:00:00,중랑구,0.0302,0.0199,0.65,0.0028,65.0,51.0
2025-03-07 03:00:00,서초구,0.0182,0.0326,0.47,0.0028,75.0,43.0
2025-03-07 03:00:00,광진구,0.0337,0.025,0.68,0.0029,62.0,45.0
2025-03-07 03:00:00,동작구,0.0363,0.0233,0.52,0.0022,67.0,50.0
2025-03-07 03:00:00,도봉구,0.0238,0.0349,0.62,0.0037,58.0,38.0
2025-03-07 03:00:00,은평구,0.012,0.0312,0.67,0.0028,58.0,31.0
2025-03-07 03:00:00,송파구,0.052,0.0074,0.64,0.0025,65.0,44.0
2025-03-07 03:00:00,중구,0.0238,0.032,0.56,0.0029,63.0,51.0
2025-03-07 03:00:00,용산구,0.0319,0.0233,0.63,0.0029,60.0,42.0
2025-03-07 03:00:00,노원구,0.0281,0.027,0.61,0.0031,74.0,57.0
2025-03-07 03:00:00,강서구,0.0216,0.0366,0.5,0.003,68.0,46.0
2025-03-07 03:00:00,서대문구,0.0161,0.0362,1.07,0.0082,52.0,38.0
2025-03-07 02:00:00,양천구,0.022,0.0424,0.52,0.0029,63.0,52.0
2025-03-07 02:00:00,중랑구,0.0261,0.0256,0.65,0.0027,63.0,50.0
2025-03-07 02:00:00,서대문구,0.0174,0.0377,0.96,0.0066,55.0,34.0
2025-03-07 02:00:00,영등포구,0.0178,0.0433,0.5,0.0021,58.0,46.0
2025-03-07 02:00:00,관악구,0.023,0.0384,0.5,0.0024,57.0,41.0
2025-03-07 02:00:00,광진구,0.0373,0.0255,0.7,0.0031,62.0,46.0
2025-03-07 02:00:00,구로구,0.0119,0.0416,0.4,0.0029,73.0,45.0
2025-03-07 02:00:00,은평구,0.0139,0.0293,0.72,0.0028,58.0,32.0
2025-03-07 02:00:00,송파구,0.0279,0.0319,0.56,0.0031,64.0,45.0
2025-03-07 02:00:00,용산구,0.0289,0.0275,0.62,0.0028,64.0,41.0
2025-03-07 02:00:00,노원구,0.0295,0.0275,0.67,0.0035,78.0,59.0
2025-03-07 02:00:00,강서구,0.0194,0.0426,0.46,0.0029,65.0,44.0
2025-03-07 02:00:00,성북구,0.0358,0.0188,0.86,0.0035,60.0,38.0
2025-03-07 02:00:00,종로구,0.0205,0.0412,0.56,0.0024,67.0,53.0
2025-03-07 02:00:00,도봉구,0.0237,0.039,0.61,0.0039,64.0,37.0
2025-03-07 02:00:00,성동구,0.029,0.0301,0.59,0.0024,57.0,39.0
2025-03-07 02:00:00,강북구,0.0114,0.0414,0.51,0.0024,65.0,46.0
2025-03-07 02:00:00,중구,0.0248,0.031,0.59,0.0029,61.0,52.0
2025-03-07 02:00:00,마포구,0.0304,0.0294,0.53,0.0025,60.0,44.0
2025-03-07 02:00:00,강남구,0.0223,0.0355,0.56,0.0026,63.0,44.0
2025-03-07 02:00:00,서초구,0.0142,0.039,0.46,0.0028,74.0,40.0
2025-03-07 02:00:00,금천구,0.0313,0.0284,0.55,0.0026,61.0,46.0
2025-03-07 02:00:00,동대문구,0.0203,0.0379,0.57,0.0021,68.0,46.0
2025-03-07 02:00:00,동작구,0.0355,0.0268,0.56,0.0022,66.0,48.0
2025-03-07 02:00:00,강동구,0.0389,0.0234,0.82,0.0034,69.0,51.0
2025-03-07 01:00:00,강서구,0.0295,0.0336,0.54,0.0039,72.0,46.0
2025-03-07 01:00:00,노원구,0.0204,0.0406,0.56,0.0032,76.0,55.0
2025-03-07 01:00:00,금천구,0.0319,0.0294,0.55,0.0029,61.0,43.0
2025-03-07 01:00:00,중구,0.026,0.0301,0.58,0.003,62.0,50.0
2025-03-07 01:00:00,강남구,0.0211,0.0376,0.53,0.0025,63.0,44.0
2025-03-07 01:00:00,송파구,0.0259,0.0347,0.54,0.0029,64.0,44.0
2025-03-07 01:00:00,은평구,0.0191,0.0268,0.74,0.0029,59.0,35.0
2025-03-07 01:00:00,동작구,0.0352,0.0288,0.55,0.0023,64.0,48.0
2025-03-07 01:00:00,용산구,0.0291,0.0287,0.63,0.0031,62.0,43.0
2025-03-07 01:00:00,광진구,0.026,0.0398,0.64,0.0031,59.0,43.0
2025-03-07 01:00:00,중랑구,0.0266,0.0278,0.59,0.0032,66.0,47.0
2025-03-07 01:00:00,동대문구,0.0157,0.0435,0.51,0.0025,66.0,43.0
2025-03-07 01:00:00,관악구,0.0233,0.0391,0.52,0.0028,57.0,42.0
2025-03-07 01:00:00,구로구,0.0153,0.0372,0.44,0.003,76.0,47.0
2025-03-07 01:00:00,영등포구,0.0217,0.046,0.49,0.0024,58.0,46.0
2025-03-07 01:00:00,도봉구,0.0214,0.0454,0.57,0.0042,67.0,35.0
2025-03-07 01:00:00,성북구,0.0257,0.0314,0.76,0.0037,55.0,40.0
2025-03-07 01:00:00,서대문구,0.0183,0.0379,1.05,0.0073,59.0,44.0
2025-03-07 01:00:00,강동구,0.0282,0.0355,0.76,0.0035,64.0,49.0
2025-03-07 01:00:00,성동구,0.0266,0.0339,0.55,0.0025,57.0,39.0
2025-03-07 01:00:00,양천구,0.029,0.0367,0.57,0.0031,68.0,52.0
2025-03-07 01:00:00,종로구,0.0167,0.0468,0.52,0.0025,68.0,53.0
2025-03-07 01:00:00,마포구,0.0211,0.0405,0.49,0.0028,58.0,42.0
2025-03-07 01:00:00,서초구,0.0105,0.046,0.43,0.0027,72.0,38.0
2025-03-07 01:00:00,강북구,0.0147,0.0391,0.49,0.0026,66.0,44.0
2025-03-07 00:00:00,중구,0.0184,0.0383,0.52,0.0034,60.0,48.0
2025-03-07 00:00:00,용산구,0.0254,0.0331,0.59,0.0033,63.0,43.0
2025-03-07 00:00:00,양천구,0.0258,0.0393,0.56,0.0032,64.0,48.0
2025-03-07 00:00:00,금천구,0.0278,0.0361,0.55,0.0027,58.0,45.0
2025-03-07 00:00:00,관악구,0.0263,0.0379,0.55,0.0028,63.0,45.0
2025-03-07 00:00:00,강남구,0.0216,0.0373,0.55,0.0022,61.0,44.0
2025-03-07 00:00:00,은평구,0.0219,0.029,0.75,0.0031,60.0,39.0
2025-03-07 00:00:00,송파구,0.0245,0.0372,0.52,0.0025,63.0,40.0
2025-03-07 00:00:00,노원구,0.0131,0.05,0.46,0.0029,75.0,53.0
2025-03-07 00:00:00,강서구,0.0288,0.0356,0.53,0.0045,66.0,43.0
2025-03-07 00:00:00,종로구,0.0175,0.0472,0.52,0.003,66.0,51.0
2025-03-07 00:00:00,성북구,0.0273,0.0324,0.76,0.0037,58.0,39.0
2025-03-07 00:00:00,도봉구,0.0169,0.0522,0.54,0.0043,64.0,38.0
2025-03-07 00:00:00,서대문구,0.0169,0.0414,0.93,0.0066,59.0,40.0
2025-03-07 00:00:00,강북구,0.0144,0.0409,0.49,0.0027,70.0,49.0
2025-03-07 00:00:00,성동구,0.0218,0.04,0.51,0.0027,58.0,35.0
2025-03-07 00:00:00,광진구,0.0235,0.0448,0.6,0.0033,58.0,41.0
2025-03-07 00:00:00,동대문구,0.0145,0.0458,0.48,0.0026,67.0,42.0
2025-03-07 00:00:00,서초구,0.0087,0.0499,0.42,0.0028,66.0,42.0
2025-03-07 00:00:00,강동구,0.0296,0.0363,0.74,0.0035,67.0,42.0
2025-03-07 00:00:00,중랑구,0.0326,0.027,0.61,0.0034,61.0,46.0
2025-03-07 00:00:00,동작구,0.0294,0.037,0.53,0.0027,68.0,44.0
2025-03-07 00:00:00,영등포구,0.0176,0.0484,0.47,0.0026,59.0,42.0
2025-03-07 00:00:00,구로구,0.0152,0.0382,0.43,0.0031,70.0,43.0
2025-03-07 00:00:00,마포구,0.0218,0.0423,0.5,0.0024,59.0,41.0
